Pk,Pos,Ht,Wt
abdelal01,F-C,6-10,240
abdulma02,G,6-1,162
abdulta01,F,6-6,223
abdursh01,F,6-9,225
abrinal01,G-F,6-6,200
achiupr01,F,6-8,225
ackeral01,G,6-5,185
acresma01,F-C,6-11,220
acyqu01,F-C,6-7,240
adamsha01,G,6-4,220
adamsja01,G,6-0,225
adamsjo01,G,6-5,209
adamsmi01,G,5-10,162
adamsst01,C,6-11,265
addisra01,F-G,6-7,215
adebaba01,C-F,6-9,255
adelde01,F,6-7,200
adrieje01,F,6-7,245
afflaar01,G-F,6-5,210
agbajoc01,G,6-5,215
agerma01,G,6-5,202
aguirma01,F-G,6-6,232
ahearbl01,G,6-2,190
aingeda01,G,6-5,185
ajincal01,C-F,7-2,248
akognjo01,G,5-11,185
akoonde01,G,6-6,200
alabiso01,C,7-1,251
alarima01,F,6-8,217
aldamsa01,F,6-11,224
aldemfu01,F-C,6-10,240
aldrico01,C,6-11,250
aldrila01,F-C,6-11,250
alexacl01,F,6-8,245
alexaco01,G,6-1,185
alexaco02,G,6-5,205
alexaga01,F,6-7,240
alexajo01,F,6-8,230
alexaky01,F,6-11,220
alexaty01,G,6-3,195
alexavi01,C-F,6-9,265
alexani01,G,6-5,205
alforst01,G,6-2,183
alkinra01,G,6-5,225
allengr01,G,6-4,198
allenja01,C-F,6-11,243
allenje01,G,6-4,184
allenka01,G,6-1,200
allenla01,F-C,6-9,260
allenma01,F-C,6-10,255
allenra01,F,6-8,220
allenra02,G,6-5,205
allenti01,F,6-6,210
allento01,G-F,6-4,213
allrela01,C,6-11,250
almonmo01,G,6-6,225
alstode01,F,6-11,225
alstora01,G,6-2,171
alumape01,C,6-10,260
alvarjo01,G,6-0,179
amaecjo01,C-F,6-10,270
amayaas01,F,6-8,230
aminual01,F,6-8,220
amundlo01,F-C,6-9,220
anderch01,C-F,6-10,245
anderda03,C,6-11,245
anderal01,G-F,6-6,220
anderan02,G,6-6,215
anderde01,G,6-5,194
anderer01,F,6-9,220
andergr01,F-C,6-10,230
anderja01,G-F,6-6,213
anderju01,G,6-6,230
anderke01,G,6-1,168
anderky01,F-G,6-9,230
anderni01,F-G,6-6,205
anderri01,F-C,6-10,240
anderro01,F-G,6-7,215
anderry01,F,6-9,240
andersh01,F-G,6-6,208
anderwi01,G-F,6-7,190
andrima01,C,7-2,240
anigbik01,F-C,6-10,250
anslemi01,F,6-7,225
anstech01,C,7-0,249
antetgi01,F-G,6-11,242
antetko01,F,6-10,200
antetth01,F,6-7,219
anthoca01,F,6-7,238
anthoco01,G,6-2,185
anthogr01,G,6-0,176
anthojo01,C,6-9,245
anticpe01,C-F,6-11,260
anunoog01,F,6-7,232
applike01,G,6-1,185
araujra01,C,6-11,280
archiro01,F,6-11,250
arcidry01,G,6-3,195
arenagi01,G,6-4,191
arizatr01,F,6-8,215
armstbj01,G,6-2,175
armstbr01,G,6-5,188
armstda01,G,6-0,170
armsthi01,F-C,6-11,235
arroyca01,G,6-2,202
arthuda01,F,6-9,235
artisja01,G-F,6-7,213
asikom01,C,7-0,255
askewvi01,G-F,6-6,210
askinke01,G-F,6-7,197
atkinch01,G,5-11,160
augmost01,F-G,6-8,205
augusdj01,G,5-11,183
augusja01,F,6-10,235
austiis01,C,6-10,255
avdijde01,G-F,6-9,210
aventan01,F,6-9,235
averywi01,G,6-2,197
ayayijo01,G,6-5,180
ayongu01,C,6-10,250
pendeje02,F,6-9,240
aytonde01,C,7-0,250
azubuke01,G,6-5,220
azubuud01,C,6-10,280
babbch01,G,6-5,225
babbilu01,F,6-9,225
babicmi01,C-F,7-0,240
bacondw01,G,6-6,221
badjiib01,C,7-1,240
bagarda01,C,7-1,255
baglejo01,G,6-0,185
baglema01,F-C,6-10,235
baileam01,G,6-5,185
baileth01,F-C,6-11,215
baileto01,G,6-6,213
bairsca01,F-C,6-9,250
bakerla01,G,6-1,175
bakerma01,G,6-1,175
bakerro01,G,6-4,220
bakervi01,F-C,6-11,232
baldwpa01,G-F,6-9,220
baldwwa01,G,6-4,200
balkmre01,F,6-8,208
ballce01,F,6-8,210
ballla01,G,6-7,180
balllo01,G,6-6,190
bambamo01,C,7-0,231
banchpa01,F,6-10,250
banede01,G,6-5,215
banksma01,G,6-2,200
bannike01,F-C,6-9,235
bantoda01,G-F,6-9,204
barbeca01,G,6-2,190
barbole01,G,6-3,194
bardost01,G,6-5,190
bareajo01,G,5-10,180
bargnan01,F-C,7-0,245
barklch01,F,6-6,252
barkler01,G,6-1,177
barlodo01,F,6-9,221
barneha02,F,6-8,225
barnema02,F,6-7,226
barnesc01,G-F,6-7,227
barrean01,G,5-10,172
barrerj01,G-F,6-6,214
barroea01,C,7-0,250
barroda01,G,5-11,163
barrybr01,G,6-6,185
barrydr01,G,6-5,191
barryjo01,G,6-4,195
bartowi01,G,6-5,181
basdeed01,G,6-5,215
bassbr01,F,6-8,250
basspa01,F,6-8,200
bassech01,C,6-10,235
bastoma01,F,6-9,215
bateeme01,C,6-11,290
batesem01,G,6-10,170
bateske01,F,6-8,229
batises01,F-C,6-10,270
batismi01,F,6-8,225
battito01,C-F,6-11,230
battish01,F,6-8,220
battljo01,G,6-2,175
battlke01,F,6-6,210
batumni01,F-G,6-8,230
baxtelo01,F,6-8,260
bayleje01,G,6-3,200
baynear01,C,6-10,260
bazarse01,G,6-2,168
bazemke01,G-F,6-4,195
bazleda01,F,6-8,208
bealbr01,G,6-4,207
beaslje01,F,6-10,237
beaslma01,G,6-4,187
beaslmi01,F,6-9,235
beaubro01,G,6-0,170
beaucma01,G,6-6,199
beckco01,G,6-1,190
bedfowi01,C,7-0,225
belinma01,G-F,6-5,220
bellch01,G,6-3,200
belljo01,F,6-8,216
bellra01,G,6-5,204
belltr01,G,6-1,180
bembrde01,F,6-5,210
bendedr01,F,7-0,225
bendejo01,F,6-11,202
benimje01,F,6-8,245
benjabe01,C,7-0,250
benjaco01,G,6-6,200
bennean01,F,6-8,245
benneel01,G,6-0,170
bennema01,F,6-6,235
benneto01,G,6-0,175
bennewi01,F,6-7,210
benoida01,F,6-8,220
bensoke02,C,6-11,240
bentibe01,F,6-9,235
bernaju01,F,6-7,210
bertada02,G,6-4,200
bertada01,F,6-10,225
besttr01,G,5-11,182
beverpa01,G,6-2,180
beysa01,F,6-7,215
beyty01,F,6-7,215
bhullsi01,C,7-5,360
bibbymi01,G,6-1,190
biedran01,C,6-11,240
billuch01,G,6-3,202
birchkh01,C-F,6-9,233
birdja01,G,6-6,198
birdla01,F,6-9,220
bitadgo01,C,6-11,250
bitimon01,F,6-6,215
biyombi01,C-F,6-8,255
bjeline01,F,6-10,234
blabuw01,C,7-1,252
blackan01,G,6-7,198
blackle01,F,6-9,205
blackta01,C-F,6-9,250
blackro01,G,6-6,190
blackal01,F,6-6,250
blackja01,G,6-0,190
blairde01,F-C,6-7,270
blakest01,G,6-3,172
blakean01,G,6-4,192
blalowi01,G,6-0,205
blankla01,G,6-4,190
blantri01,F,6-7,215
blatcan01,F,6-11,235
blaylmo01,G,6-0,180
bledser01,G,6-1,214
blevike01,F,6-4,200
blossja01,F,6-8,220
blounco01,F,6-9,240
blounma01,C,7-0,230
blueva01,G,6-4,200
bobbito01,G,6-4,190
boehebu01,G,6-6,205
boganke01,G-F,6-5,215
bogdabo01,G,6-5,220
bogdabo02,G-F,6-7,226
boguemu01,G,5-3,136
bogutan01,C,7-0,260
bohanet01,F,6-9,220
bolbo01,F-C,7-3,220
bolma01,C,7-7,200
boldejo01,F,6-8,220
boldema01,C,6-10,249
bolmale01,F,6-6,200
bolomjo01,F,6-9,235
bondwa01,G,6-5,200
bonejo01,G,6-2,180
boneyde01,G,6-4,185
bongais01,G,6-8,180
bonnean01,F,6-8,215
bonnema01,F,6-10,235
bookede01,G,6-6,206
bookeme01,G,6-2,185
booketr01,F,6-8,228
boonejo01,F-C,6-10,237
boothca01,C,6-11,230
boothke01,F,6-6,226
boozeca01,F-C,6-9,258
borchcu01,C,7-0,240
borrela01,F,6-8,220
boshch01,F-C,6-11,235
bostobr01,G-F,6-7,185
bouchch01,F,6-9,200
bouknja01,G,6-5,190
boumtru01,C,7-0,257
bouyeja01,G,6-2,180
bowdlca01,F,6-10,245
bowenbr02,F,6-6,190
bowenbr01,F,6-7,185
bowenry01,F,6-7,215
bowiean01,G-F,6-6,190
bowiesa01,C-F,7-1,235
bowmair01,G,6-5,195
bowmaky01,G,6-1,187
boycedo01,G,6-5,196
boykiea01,G,5-5,135
bozemce01,G,6-6,207
brackcr01,F,6-10,230
bradlav01,G,6-3,180
bradlmi01,F-C,6-10,245
bradlsh01,C,7-6,235
bradlto01,F-C,6-10,248
bradtma01,C-F,6-10,265
braggma01,F,6-8,230
braggto01,F,6-8,245
bramlaj01,C,6-10,227
brancad01,F-G,6-7,185
brandel01,F-C,6-9,275
brandte01,G,5-11,180
branhma01,G,6-4,180
brantja01,F,6-5,250
braunch01,G,6-6,218
brazdig01,F,6-6,221
breauti01,F,6-7,215
bremejr01,G,6-2,185
breuera01,C,7-3,230
breweco01,F-G,6-9,186
breweja01,G,6-4,184
brewero02,G-F,6-7,220
brezepr01,C,7-2,252
brickfr01,F-C,6-9,240
bridgmi01,F-G,6-6,209
bridgmi02,G-F,6-7,225
brimaam01,C,6-10,230
briscis01,G,6-3,215
brissos01,F,6-7,210
brockiz01,G,6-4,200
brockjo01,F,6-7,255
broekry01,F,6-6,215
brogdma01,G,6-4,229
brookaa01,G,6-0,161
brookar01,G,6-3,195
brookdi01,F-G,6-6,225
brookke01,F,6-6,200
brookma01,G-F,6-5,200
brooksc01,G,5-11,165
brownan01,F,6-9,245
brownan02,F-G,6-7,210
brownbo02,G,6-2,175
brownbr01,G-F,6-4,202
brownch02,G,6-6,199
brownch05,G-F,6-5,215
brownch01,F,6-7,214
brownda02,F,6-9,200
brownde01,G,6-1,160
brownde03,G,6-0,185
brownde04,F,6-7,225
brownde02,G,6-5,220
browner01,C,7-0,244
brownge02,G,6-4,210
browngr01,F,6-7,205
brownja01,G,6-4,215
brownja02,F-G,6-6,223
brownke01,G,6-7,222
brownke03,G-F,6-8,205
brownko01,G-F,6-7,250
brownkw01,F,6-11,270
brownlo01,G,6-5,189
brownma01,G,6-3,185
brownma02,G,6-3,190
brownmi01,C-F,6-9,257
brownmo01,C,7-2,245
brownmy01,G,6-3,180
brownpj01,F-C,6-11,225
brownra02,G,6-2,190
brownra01,F,6-8,220
brownsh01,G,6-4,205
brownst02,G,6-5,219
brownti01,G,6-2,189
brownto01,F-G,6-6,185
browntr01,G-F,6-6,215
brundst01,F,6-6,210
brunsja01,G,6-2,190
brunsri01,G,6-4,190
brussni01,G-F,6-7,195
bryanel01,G,6-5,210
bryanko01,G-F,6-6,212
bryanma01,F-C,6-9,245
bryanth01,C,6-10,248
brynto01,C,6-9,250
buchash01,G,6-3,190
bucknst01,G,6-6,215
buckngr01,G,6-4,210
budinch01,F,6-7,209
buechju01,F-G,6-6,220
bufkiko01,G,6-4,195
buforro01,G-F,6-5,189
bullama01,F,6-10,215
bullore01,G-F,6-6,205
burkepa01,C-F,6-11,250
burketr01,G,6-0,185
burksal01,G,6-6,214
burksan01,G,6-1,200
burleke01,G,6-3,205
burnsev01,F,6-8,260
burresc01,G-F,6-7,218
burroju01,F,6-8,242
burtode02,G,6-4,240
burtowi01,F-G,6-8,210
burttst01,G,6-2,185
butleca01,F,6-7,228
butlegr01,C,6-11,240
butleja01,F-C,6-10,250
butleja02,G,6-3,195
butleji01,F-G,6-7,230
butlejo01,C,7-0,175
butlemi02,G-F,6-5,210
butlera01,F-G,6-7,215
buyckdw01,G,6-3,190
byarsde01,F,6-7,220
bynuman01,C,7-0,285
bynumwi01,G,6-0,185
cabarza01,F,6-11,235
cabocbr01,F-C,6-9,218
cacokde01,F,6-7,240
caffeja01,F,6-8,255
cagemi01,F-C,6-9,224
cainja01,F,6-7,191
calatni01,G,6-6,213
caldejo01,G,6-3,200
caldwad01,F-C,6-8,265
caldwke01,G,6-5,204
calipde01,G,6-1,165
callori01,F,6-6,180
camarto01,F,6-8,220
cambrde01,F,6-7,224
cambyma01,C-F,6-11,220
campafa01,G,5-10,195
campbel01,C,6-11,215
campbto01,F-G,6-7,215
canaais01,G,6-0,201
cancavl01,F,6-8,236
cannade01,G,6-2,183
capelca01,C,6-10,240
caracde01,F,6-9,275
cardibr01,F,6-8,245
careyve01,C,6-9,270
carlige01,G,6-3,180
carliri01,G,6-5,210
carnero01,F,6-7,205
carran01,F-C,6-9,225
carrch01,G,6-5,207
carrco01,G,6-3,210
carrode01,F,6-6,215
carrojo01,C-F,7-0,225
carroma01,G,6-6,212
carruji01,C-F,6-10,265
cartean01,G,6-1,190
carteje01,G,6-1,200
cartema01,G,6-5,210
cartevi01,G-F,6-6,220
cartewe01,C,6-10,270
cartemi01,G,6-5,190
cartodj01,G,6-2,200
cartwbi01,C,7-1,245
carusal01,G,6-5,186
cassesa01,G,6-3,185
casspom01,F,6-9,225
castlco01,F,6-11,250
catlete01,F,6-8,220
catoke01,C,6-11,255
caulewi01,F-C,7-0,240
caupatr01,G,6-4,210
causwdu01,C,7-0,240
cavanty01,F,6-9,238
caverah01,G,6-2,175
cazalma01,G,6-6,212
cebalce01,F,6-7,220
celesjo01,G,6-4,178
chalmli01,G,6-0,180
chalmma01,G,6-2,190
chambto01,F-C,6-10,220
champju02,F,6-8,220
champju01,F,6-6,200
chandke01,G,6-0,171
chandty01,C,7-0,235
chandwi01,F,6-8,235
chapmre01,G,6-4,185
chealjo01,G,6-3,190
cheanca01,G-F,6-7,209
cheatzy01,F,6-5,220
cheekma01,G,6-1,180
cherrwi01,G,6-0,185
chievde01,F,6-7,195
chilcpe01,F-C,6-10,230
childjo01,G-F,6-8,210
childra01,G,6-2,188
childch01,G,6-3,195
chiozch01,G,5-11,175
chrisma01,F,6-9,240
chrisdo01,G-F,6-6,200
chrisma02,G,6-6,190
chrisdi01,G,6-5,205
chrisra01,F,6-9,250
chrisse01,G,6-3,190
chrisjo01,G,6-5,215
chrispa01,G-F,6-5,209
churcro01,G-F,6-6,195
cissosi01,G,6-8,200
clarkea01,F,6-10,225
clarkga01,F,6-6,225
clarkia01,G,6-3,175
clarkke01,F-C,6-11,220
clarkbr01,F,6-8,215
clarkco01,F,6-7,232
clarkjo01,G,6-3,194
clavegi01,G,6-4,185
clavevi01,F,6-9,224
claxtch01,C,7-0,265
claxtni01,C,6-11,215
claxtsp01,G,5-11,166
cleavma01,G,6-2,205
clemoch01,G,5-9,180
clevean01,G,6-5,195
closske01,C,7-3,212
clownno01,F,6-10,210
coffeam01,G,6-7,210
cofferi01,F,6-6,212
cokerjo01,C,7-0,253
coleno01,G,6-2,175
colembe01,F,6-9,235
colemde01,F-C,6-10,230
colesbi01,G,6-1,180
collija02,C,7-0,260
collija01,G,6-4,196
collija03,F-C,6-11,255
collija04,C,7-0,255
collijo01,F,6-9,235
collima01,G,6-6,220
collish01,G,5-11,205
colliza01,C-F,6-11,250
colliky01,G-F,6-6,210
collida01,G,6-0,175
collini01,F,6-10,255
colsobo01,F,6-6,224
colsose01,G,6-0,175
coltest01,G,6-3,165
comanch01,F-C,6-10,210
conlemi01,G,6-0,175
conloma01,F-C,6-10,224
connapa01,G,6-5,209
connele01,G,6-4,180
conrowi01,G,6-2,195
cookan01,F-C,6-9,205
cookbr01,F,6-9,234
cookda02,G,6-5,205
cookom01,G,6-1,190
cookqu01,G,6-1,180
cookty01,F,6-8,255
cookech01,G,6-5,196
cooksxa01,F,6-8,183
cooleja01,F-C,6-9,260
coopedu01,G,6-1,185
coopemi01,G-F,6-7,170
coopesh01,G,6-1,180
coopewa01,C-F,6-10,220
copato01,C,6-10,275
copelch01,F,6-9,239
copella01,G,6-6,190
corbity01,G-F,6-6,210
corchch01,G,6-0,185
cornepe01,F,6-11,220
corzida01,C,6-11,250
costema01,F,6-9,245
cottobr01,G,6-1,165
cottoja02,G,6-5,220
coulibi01,F,6-6,195
councri01,G,6-6,205
courtjo01,F,6-8,235
cousima01,C,6-11,245
couside01,C-F,6-10,270
covinro01,F-C,6-7,209
crabbal01,G-F,6-5,212
craigto01,G-F,6-7,221
crawfch01,F,6-9,235
crawfja01,G,6-5,185
crawfjo01,F,6-5,210
crawfjo02,G,6-4,195
creekmi01,G,6-5,216
crispjo01,G,6-0,185
crittja01,G,6-5,200
croshau01,F,6-9,235
crottjo01,G,6-1,185
crowdco01,G-F,6-5,214
crowdja01,F,6-6,235
crutcja01,G,6-2,175
culveja01,G,6-6,195
cumbeja01,G,6-5,205
cummipa01,F-C,6-9,230
cummite01,F,6-9,220
cummivo01,G,6-3,185
cunnica01,G,6-6,220
cunnida01,F,6-8,230
cunnija01,G,6-4,195
cunniwi01,C,6-11,250
curcira01,C,6-10,275
curetea01,F-C,6-9,210
curlebi01,F,6-9,220
curryde01,G,6-4,190
curryed01,C,7-0,295
curryja01,G,6-3,190
currymi01,F-G,6-5,210
curryse01,G,6-1,185
curryst01,G,6-2,185
cvetkra01,C,7-1,260
dailequ01,G,6-3,180
dalemsa01,C,6-11,255
dampier01,C,6-11,265
daniean01,G,6-4,195
daniedy01,G,6-8,199
danieer01,F,6-8,214
daniell01,G,6-7,205
daniema01,G-F,6-6,200
danietr01,G,6-4,200
danilsa01,G,6-5,200
dantlad01,F-G,6-5,208
dareyi01,C,7-0,265
darlina01,G,6-6,200
datomlu01,F,6-8,215
daughbr01,C,7-0,245
davidko01,F,6-9,235
davidje01,F,6-10,230
daviebr01,F,6-10,240
davisan02,F-C,6-10,253
davisan01,F-C,6-9,215
davisba01,G,6-3,209
davisbe01,F,6-9,240
davisbr01,G,6-3,180
davisbr02,F-G,6-7,200
davisch02,F,6-7,215
davisda01,F-C,6-11,230
davisde01,C-F,6-11,237
davised01,F,6-9,218
davisem01,G,6-4,195
davisgl01,F-C,6-9,289
davishu01,G,6-5,183
davisjo06,G,6-5,196
davisjo02,F,6-8,235
davisma02,G-F,6-7,210
davispa01,C,6-11,270
davisri01,G-F,6-6,195
daviste02,G,6-4,201
daviste01,F-C,6-9,225
davisty01,C,6-10,266
daviswa03,G-F,6-6,193
davisjd01,G,6-1,195
dawkian01,G,6-5,215
dawkijo01,G,6-2,165
dawsobr01,F,6-6,225
dawsoer01,F,6-9,250
dawsoto01,F,6-7,215
dayto01,G-F,6-6,188
dayeau01,F,6-11,220
daysda01,F,6-7,245
decolna01,G,6-5,200
declean01,F-C,6-10,230
delauja01,F,6-10,237
derozde01,G-F,6-6,220
deckga01,F,6-8,232
dedmode01,C,7-0,245
deherte01,G,6-2,190
dejeabr01,G,6-6,209
dekkesa01,F,6-9,230
delnevi01,G,6-4,185
delanma01,G,6-3,190
delebi01,F-C,6-9,235
delfica01,G,6-6,230
delgaan01,C,6-10,245
delkto01,G,6-1,189
dellama01,G,6-3,200
dempsde01,G,6-3,205
denglu01,F,6-9,237
dennide01,G,6-5,210
dentmju01,G,5-11,185
derrima01,F,6-7,249
divindo01,G,6-4,203
diabamo01,F,6-11,210
diakima01,F,6-9,228
dialde01,G,6-4,184
diallch01,F,6-8,219
diallha01,G,6-5,202
diawbo01,F-C,6-8,250
diawaya01,G-F,6-7,225
diazgu01,G,6-2,192
dickgr01,G,6-6,205
dickada01,G,6-0,190
dickeka01,F,6-8,215
dickemi01,G-F,6-5,190
dienetr01,G,6-1,175
dienggo01,C,6-10,252
diengou01,F,6-10,216
dinkiby01,G,6-1,170
dinwisp01,G,6-5,215
dioguik01,F,6-8,250
diopde01,C,7-0,300
divacvl01,C,7-1,243
dixonju01,G,6-3,164
doleami01,C,6-11,262
donalja01,C,7-2,275
doncilu01,G-F,6-7,230
doolike01,G,6-3,196
djordal01,G,6-2,198
dorsejo01,F,6-8,268
dorsety01,G,6-5,183
dortlu01,G,6-3,215
dosunay01,G,6-5,200
dotsoda01,G,6-5,210
dotsode01,G,6-2,185
doubyqu01,G,6-3,175
douglsh01,G,6-0,180
douglto01,G,6-2,195
douglch01,G,6-7,200
doumbse01,F,6-8,230
dowdeza01,G,6-3,191
dowtije01,G,6-3,185
doylemi01,G,6-4,185
doziepj01,G,6-6,205
doziete01,F,6-9,210
dragigo01,G,6-4,190
dragizo01,G-F,6-5,200
dreilgr01,C,7-1,250
drellhe01,G,6-9,187
drewbr01,G,6-2,185
drewla01,G,6-1,170
drewla02,G,6-2,180
drexlcl01,G,6-7,210
driggna01,G,6-5,215
drobnpr01,C,6-11,270
drumman01,C,6-11,279
duartch01,G,6-6,190
duckwke01,C,7-0,275
dudlech02,C,6-11,235
dudleja01,F-G,6-6,237
duhonch01,G,6-1,185
dukandu01,F,6-9,220
dukeda01,G,6-5,205
dumarjo01,G,6-3,190
dumasri02,F,6-7,200
dumasto01,G,6-6,190
duncati01,F-C,6-11,250
dunlemi01,G,6-3,180
dunlemi02,F-G,6-9,230
dunnkr01,G,6-3,205
dunntr01,G-F,6-4,192
duprero01,F,6-7,209
duranke01,F-G,6-11,240
durenja01,C,6-10,250
durhapa01,F,6-7,210
duvaltr01,G,6-2,189
dysonje01,G,6-3,180
eacklle01,G-F,6-5,220
earlac01,F-C,6-10,240
earlycl01,F,6-8,210
easonta01,F,6-8,216
eatonma01,C,7-4,275
ebankde01,F,6-9,215
ebind01,F,6-9,200
echenja01,C,6-11,258
eddieja01,G-F,6-7,218
eddiepa01,C,6-11,240
edneyty01,G,5-10,152
edwaran01,G-F,6-4,225
edwarbi01,F,6-8,215
edwarbl01,G-F,6-4,200
edwarca01,G,5-11,200
edwarco01,F,6-9,275
edwardo01,F,6-7,220
edwarja01,C-F,7-0,225
edwarja02,G,6-4,185
edwarjo01,C,7-0,275
edwarke02,F,6-8,215
edwarke01,G,6-3,190
edwarro01,G,6-5,205
edwarsh01,F,6-7,220
edwarvi01,F,6-8,225
ehlocr01,G-F,6-6,180
eisleho01,G,6-2,177
ekeziob01,F-C,6-9,270
elamikh01,G,5-10,200
eliema01,G-F,6-5,210
ellebcj01,F,6-6,200
ellenhe01,F,6-10,240
ellinwa01,G,6-4,207
elliose01,F,6-8,205
ellisda01,G-F,6-7,205
ellisha01,G,6-5,200
elliske01,G,6-6,175
ellisla01,F,6-8,240
ellisle02,F-C,6-9,225
ellismo01,G,6-3,185
ellispe01,F-C,6-9,210
elsonfr01,C,7-0,235
elyme01,C,6-10,260
embiijo01,C,7-0,280
emmetan01,F,6-5,230
engliaj01,G,6-3,175
englial01,F,6-8,190
englijo01,G,6-4,195
engliki01,G,6-6,200
ennisja01,F,6-6,215
ennisty01,G,6-3,194
erdense01,C,7-0,240
eschmev01,C,6-11,255
esposvi01,G,6-3,198
eubandr01,F,6-9,245
evansbr01,F,6-8,220
evansja02,G-F,6-4,210
evansja01,G,6-0,185
evansje01,F,6-9,200
evansma01,G,6-5,220
evansre01,F,6-8,245
evansty01,G-F,6-6,220
evbuoto01,F,6-8,219
ewingda01,G,6-3,185
ewingpa01,C-F,7-0,240
ewingpa02,F,6-8,235
exumda01,G,6-5,214
eyengch01,F,6-5,210
ezelife01,C,6-11,255
fallta01,C,7-6,311
farieke01,F-C,6-8,220
farmajo01,G,6-2,180
farmede01,G,6-5,220
farmeji01,G,6-4,190
farmeto01,F,6-9,244
favervi01,C,6-11,260
favorde01,F-C,6-9,265
fazekni01,F,6-11,235
feickja01,C,6-9,255
feitlda01,C,6-11,235
feldeka01,G,5-9,176
feliccr01,F-C,6-11,270
felixca01,G,6-6,201
felixno01,F,6-9,225
feltora01,G,6-1,205
fergude01,G-F,6-7,203
fergute01,G-F,6-6,190
fernaru01,G,6-6,185
fernabr01,F,6-9,240
ferredu01,F-G,6-7,209
ferreyo01,G,6-0,178
ferryda01,F,6-10,230
fesenky01,C,7-1,288
fieldla01,F,6-7,210
finlemi01,G-F,6-7,215
finnedo01,F,6-7,220
fishma01,C,6-11,235
fishede01,G,6-1,200
fitchge01,G,6-3,188
fittsma01,F,6-8,230
fizerma01,F,6-9,262
flaglad01,G,6-3,185
flemive01,G,6-5,185
florelu01,G,6-2,200
floydsl01,G,6-3,170
flynnjo01,G,6-0,185
flynnma01,G,6-1,175
fontais01,G,6-4,210
fontesi01,F,6-8,209
footeje01,C,7-0,265
forbebr01,G,6-2,205
forbega01,F,6-7,220
fordal03,F,6-8,220
fordal01,G,6-1,190
fordal02,F,6-9,275
fordjo01,G,6-1,175
fordsh02,F,6-9,225
fordsh01,F,6-7,210
fordtj01,G,6-0,165
forretr01,G,6-4,210
fortejo01,G,6-4,194
fortsco01,G,5-11,185
fortsda01,F,6-7,260
fostegr01,F-C,6-11,240
fosteje01,F-C,6-11,236
fostemi02,F,6-8,250
fotsian01,F,6-10,219
fournev01,G-F,6-6,205
fowlktr01,F,6-8,220
foxde01,G,6-3,185
foxri01,F-G,6-7,230
foyera01,G,6-4,213
foylead01,C,6-10,250
frahmri01,G,6-5,210
francst01,G,6-3,195
frankte01,F-C,6-10,225
frankja01,G,6-5,191
frankro01,F,6-7,225
frazime01,G,6-5,215
frazimi01,G,6-3,200
fraziti01,G,6-0,170
fredean01,F,6-7,205
fredeji01,G,6-2,195
kanteen01,C,6-10,250
freeljo01,F-C,6-10,250
freemja01,G,6-4,180
freijma01,F,6-10,240
fryech01,C-F,7-0,255
fudgeal01,F,6-8,200
fullehi01,F,6-9,240
fulleto02,C,6-11,255
fultzma01,G,6-4,209
fundela01,F,6-9,230
funkan01,G,6-5,200
gabriwe01,F,6-9,205
gadzuda01,C,6-11,240
gaffoda01,C-F,6-10,234
gaide01,F,6-9,250
gaineco01,G,6-3,195
gainere01,G,6-6,205
gainesu01,G,6-1,185
gallach01,C,6-10,255
gallida01,F,6-10,233
gallola01,G,6-1,200
gamblke01,F-G,6-5,210
garbajo01,F,6-9,245
garceru01,F,6-9,245
garcial01,G,6-3,220
garcifr01,F-G,6-7,195
gardnth01,G,6-5,225
garinpa01,G-F,6-6,210
garlada01,G,6-1,192
garlawi01,G,6-2,170
garnech01,G,5-10,156
garneke01,F-C,6-11,240
garnema01,G,6-2,186
garrebi01,G,6-6,213
garrede01,C,6-10,225
garredi02,G,6-4,190
garrema01,G,6-5,205
garrito01,G,6-2,185
garriki01,G,6-2,183
garripa01,F,6-9,238
garubus01,F,6-8,220
garzalu01,F-C,6-10,235
gasolma01,C,6-11,255
gasolpa01,C-F,7-0,250
gateska01,F,6-8,217
gatlich01,F-C,6-10,220
gattike01,F-C,6-8,225
gayru01,F,6-8,250
gazean01,G,6-7,205
gbinimi01,G,6-7,200
gearyre01,G,6-2,187
geeal01,G,6-6,225
geigema01,C,7-0,243
gelabmi01,F,6-7,215
georgde01,G-F,6-8,220
georgke01,G,6-4,185
georgpa01,F-G,6-8,220
georgta01,G,6-5,190
georgma01,G,6-5,216
gervide01,F,6-8,200
gibsoda01,G,6-2,190
gibsojo01,G,6-2,185
gibsota01,F-C,6-9,232
giddejr01,G,6-5,215
giddejo01,G,6-8,210
gildetr01,F,6-9,185
gilesha01,F-C,6-11,240
gilgesh01,G,6-6,180
gillan01,F,6-7,230
gilled01,G,6-0,190
gillke01,G,6-5,195
gilleco01,G,6-1,195
gillefr01,F,6-9,245
gilliar01,F-C,6-9,230
gilyaja01,G,5-9,160
ginobma01,G,6-6,205
giricgo01,G-F,6-6,210
gladnmi01,C,6-11,220
glassge01,G-F,6-5,221
glovedi01,G,6-5,228
glynian01,C,7-1,280
gminsmi01,C,6-11,250
goberru01,C,7-1,258
godfrda01,C,6-10,250
goldwan01,G,6-1,182
gomesry01,F,6-7,250
goodedr01,F,6-10,250
goodrst01,F,6-10,220
goodwar01,G,6-5,200
goodwbr01,G,6-0,180
goodwjo01,G,6-3,200
gordoaa01,F,6-8,235
gordobe01,G,6-3,200
gordodr01,F,6-9,245
gordoer01,G-F,6-3,215
gortama01,C-F,6-11,240
goudean01,G,6-3,200
graceri01,G,6-1,180
grahade01,G,6-1,195
grahagr01,G,6-4,174
grahajo01,F,6-7,225
grahapa01,F-G,6-6,200
grahast01,G,6-6,215
grahatr01,G,6-5,219
grandji01,F-C,7-0,235
grandro01,F,6-6,215
grangda01,F,6-9,222
grantbr01,F,6-9,254
grantga01,G,6-3,185
grantgr01,G,5-7,140
grantha01,F,6-8,195
grantho01,F-C,6-10,215
grantje01,F,6-7,210
grantje02,G,6-4,205
grantjo01,F,6-9,223
grantpa01,C,7-0,245
grantdo01,F,6-8,215
graveha01,G,6-2,188
grayaa01,C,7-0,270
grayde01,F,6-7,240
grayed01,G,6-3,210
grayev01,F,6-7,235
grayjo01,G,6-0,180
grayra01,F,6-8,260
grayst01,C-F,7-0,235
grayeje01,F-G,6-5,200
greenac01,F-C,6-9,220
greenaj01,G,6-4,200
greenda02,G-F,6-6,215
greende01,G,6-7,210
greendr01,F,6-6,230
greener01,G,6-4,185
greenge01,G-F,6-6,205
greenja05,G,6-4,178
greenja01,F,6-8,227
greenja02,F,6-4,205
greenje02,F,6-8,235
greenjo02,G-F,6-5,200
greenli01,G,6-1,185
greenri01,G,6-0,170
greense01,G-F,6-5,210
greensi02,F-C,6-9,220
greenta01,G,6-0,177
greenwi01,G,6-4,200
greendo01,F,6-11,226
greenor01,G,6-4,208
greenda01,F-C,6-9,222
greerly01,G,6-2,175
griffad01,G-F,6-5,217
griffaj01,F,6-6,222
griffbl01,F-C,6-9,250
griffed01,F-C,6-10,220
griffta01,F,6-7,238
griffda01,G,6-4,190
grimequ01,G,6-5,205
grimmde01,F,6-9,230
grundan01,G,6-3,180
gudurma01,G,6-6,201
gueyemo01,F,6-9,210
gueyemo02,F,6-11,210
guglito01,F,6-10,240
guibean01,F-C,6-10,225
guidija01,C,6-10,255
gutiejo01,G,6-3,191
guyky01,G,6-1,167
guytoaj01,G,6-1,180
hachiru01,F,6-8,230
haddaha01,C,7-2,254
haffnsc01,G,6-3,180
haganas01,G,6-3,190
hairsma01,G,6-6,220
hairspj02,G-F,6-6,230
haislma01,F,6-10,230
haleyja01,C-F,6-10,240
halibty01,G,6-5,185
hallde01,G,6-2,215
halldo01,F,6-9,232
halljo02,G-F,6-7,215
halljo01,F,6-9,190
hallmi01,F,6-8,230
hallty01,G,6-5,209
hamda01,F,6-7,220
hamerst01,C,7-0,245
hamilda02,G-F,6-7,195
hamiljo02,G-F,6-7,220
hamilju01,C,7-0,260
hamilri01,G-F,6-6,185
hamilta01,F,6-8,220
hamilth01,C,7-2,330
hamilze01,C-F,6-11,250
hammige01,C,7-0,262
hammoto01,F,6-9,215
hammoaj01,C,7-0,260
hamptrj01,G,6-4,175
hancoda01,G-F,6-7,205
handlbe01,C,6-10,240
hannadu01,G,6-3,210
hansbbe01,G,6-3,203
hansbty01,F,6-9,250
hansebo01,G,6-6,190
hansetr01,G,6-6,205
hansore01,F,6-8,195
hanzlbi01,G-F,6-7,185
haranlu01,F,6-8,246
hardaan01,G-F,6-7,195
hardati01,G,6-0,175
hardati02,G,6-5,205
hardeja01,G,6-5,220
hardyja02,G,6-4,198
harklma01,F-G,6-7,220
harmoje01,G,6-4,190
harpede01,G,6-4,185
harpeja01,G,5-10,175
harpeju01,F,6-10,225
harpero01,G-F,6-6,185
harpero02,G-F,6-6,245
harprma01,F,6-7,231
harremo01,F-C,6-7,240
harrejo01,C,6-10,275
harriad01,G,6-5,200
harrial01,F,6-9,230
harriju01,G,6-4,180
harriot01,F-C,6-9,235
harride01,G,6-3,185
harriel01,F,6-8,239
harriga01,G,6-4,210
harrija01,G,6-5,195
harrijo01,G,6-6,220
harrike01,G,6-5,216
harrilu01,G,6-5,190
harrima01,G,6-5,185
harrimi01,F,6-6,240
harrist01,G,6-5,195
harrite01,G,6-5,190
harrito02,F,6-8,226
harrito01,G,6-3,190
harriaa01,G,6-6,210
harrian01,G,6-6,213
harrida01,C,7-0,280
harrish01,G,6-4,190
hartja01,G,6-3,185
hartjo01,G,6-4,215
harteis01,F,7-0,250
harvean01,F-C,6-11,225
harvedo01,F,6-8,220
haskisc01,C-F,6-11,250
hasleud01,F-C,6-8,235
hassetr01,G,6-5,200
hastisc01,F-C,6-10,235
hastoki01,F,6-9,242
hausesa01,F,6-8,215
hawessp01,C-F,7-1,245
hawkihe01,G,6-3,190
hawkijo01,G,6-5,195
hawkiju01,G-F,6-7,220
hawkimi01,G,6-0,178
hayesch01,F-C,6-6,240
hayesja01,F,6-7,220
hayesja02,F,7-0,220
hayeski01,G,6-5,195
hayesni01,F,6-8,254
haywago01,F-G,6-7,225
haywala01,F,6-6,225
haywobr01,C,7-0,268
headlu01,G,6-3,185
healsh01,G,6-0,180
hearnre01,G,6-5,210
heggsal01,F,6-8,225
hendeal01,F,6-9,235
hendece02,F,6-7,215
hendege01,G,6-2,175
hendege02,G,6-5,215
hendejr01,F,6-8,226
hendesc01,G,6-3,202
hendrita01,G,6-9,210
hendrma01,F,6-9,220
henryaa01,F,6-6,210
henrymy01,F,6-6,210
henrysk01,G,6-7,190
henryxa01,G,6-6,220
hensojo01,C-F,6-9,219
hensost01,G,5-11,177
hernade01,F,6-10,235
hernaju01,F,6-9,214
hernawi01,C,6-11,250
herrech01,G,6-2,197
herreca01,F,6-9,215
herrmwa01,F,6-9,225
herroty01,G,6-5,195
herveke01,F,6-9,230
hezonma01,F-G,6-8,220
hibbero01,C,7-2,270
hicksis01,F,6-9,230
hicksjj01,F-C,6-9,242
hieldbu01,G-F,6-4,220
higgico01,G,6-5,180
higgimi01,F,6-9,220
higgiro01,F,6-7,200
higgise01,G-F,6-9,205
highsha01,F,6-7,220
hilarne01,F-C,6-11,250
hillge01,G,6-4,188
hillgr01,F-G,6-8,225
hilljo01,C-F,6-10,235
hillma01,F,6-6,220
hillso01,F,6-6,226
hillst01,C,7-0,248
hillty01,F,6-9,240
hillida01,G,6-6,205
hinriki01,G,6-4,190
hinsoro01,F-C,6-9,210
hintona01,G,6-5,210
hitero01,G,6-2,184
hoardja01,F,6-8,216
hobsoda01,G,6-7,210
hodgedm01,G,6-4,188
hodgedo01,C,7-0,230
hodgeju01,G,6-7,210
hodgecr01,G,6-2,190
hoibefr01,G,6-4,203
holcora01,F,6-9,225
holidaa01,G,6-0,185
holidjr01,G,6-4,205
holidju01,F,6-6,180
hollajo02,G-F,6-5,205
holliry01,C,7-0,240
holliro01,F,6-6,217
holmeri01,C-F,6-10,235
holmgch01,F-C,7-1,208
holtomi01,G,6-4,185
honeyje01,F-G,6-9,245
honeyty01,F,6-8,188
hoodde01,F,6-8,222
hoodro01,G-F,6-8,208
hoodsja01,G,6-6,215
hoppeda01,C-F,6-11,235
hopsode01,G-F,6-5,200
hopsosc01,G,6-7,204
horfoal01,C-F,6-9,240
horfoti01,C,7-1,245
hornaje01,G,6-4,190
hornede01,F,6-9,230
horryro01,F,6-10,240
hortoed01,F,6-8,230
hortota01,G-F,6-4,234
houseda01,G,6-6,220
houseed01,G,6-1,180
houstca01,G-F,6-8,205
houstal01,G,6-6,200
houstby01,F,6-5,250
hovasto01,F,6-8,205
howarbr01,F,6-6,204
howardw01,C,6-10,265
howarje01,G,6-8,215
howarjo01,F-G,6-7,210
howarju01,F-C,6-9,240
howarma02,G,5-10,175
howarst01,F,6-9,225
howarwi01,F,6-8,207
hudgitr01,G,6-0,180
hudsole01,G,6-3,190
hudsotr01,G,6-1,170
huertma01,G,6-3,200
huertke01,G,6-7,190
huestjo01,F,6-7,230
huffja01,F-C,7-1,240
huffmna01,C,7-1,245
hugheed01,G,5-10,165
hugheel01,F,6-5,215
hughela01,G,6-5,184
hugheri02,F,6-9,235
hummero01,F,6-8,215
humphry01,F,6-8,235
humphis01,C,7-0,255
humphja01,G,6-3,185
humphkr01,F-C,6-9,235
huntfe01,F,6-8,195
huntebr01,F,6-7,260
huntece01,G,6-0,180
huntech01,F,6-11,240
huntede01,F,6-8,225
hunteli01,G,6-2,170
hunteot01,F,6-8,225
hunterj01,G,6-5,185
huntest01,C,7-0,220
huntevi01,F,6-8,208
hurlebo01,G,6-0,165
hurtma01,F,6-9,235
hutchch01,G,6-6,210
hylanbo01,G,6-2,173
ibakase01,F-C,6-11,235
iguodan01,F-G,6-6,215
ilgauzy01,C,7-3,238
ilicmi01,C,7-1,230
mbengdj01,C,7-0,245
ilyaser01,F,6-9,235
inglejo01,F-G,6-9,220
inglida01,F,6-8,246
ingraan01,G,6-3,190
ingrabr01,F,6-8,190
irvinby01,G,6-5,190
irvinky01,G,6-2,195
isaacjo01,F,6-10,230
iuzzomi01,G,5-10,175
iversal01,G,6-0,165
iveyja01,G,6-4,195
iveyro01,G,6-3,200
iwundwe01,F,6-6,195
jackja01,G,6-3,200
jacksaa01,G,6-4,185
jacksan01,G,6-6,210
jacksbo01,G,6-1,185
jacksce01,G,6-3,191
jacksda01,F,6-9,253
jacksde01,G,6-1,201
jacksfr01,G,6-3,205
jacksgg01,F,6-9,215
jacksis01,C-F,6-10,206
jacksja01,G-F,6-4,190
jacksja02,F,6-10,242
jacksje01,G,6-4,204
jacksji01,G,6-6,220
jacksjo02,F-G,6-8,207
jacksju01,G-F,6-8,220
jackslu02,F,6-7,215
jacksma02,C,6-10,270
jacksma01,G,6-1,180
jacksmi02,G,6-2,183
jackspi01,G,5-10,180
jacksqu01,G,6-5,175
jacksra02,F,6-11,215
jacksre01,G,6-2,208
jacksst01,G,6-3,185
jacksst02,F-G,6-8,218
jackstr02,F,6-9,245
jacobca01,G-F,6-6,215
jacobsa01,G-F,6-4,215
jamerda01,G-F,6-5,190
jamesbe01,C,6-10,240
jamesda01,G-F,6-7,225
jameshe01,F,6-8,220
jamesje01,C,7-0,300
jamesju01,G,6-7,190
jamesle01,F-G,6-9,250
jamesmi01,G,6-2,188
jamesmi02,G,6-1,189
jamesti01,F,6-7,212
jamisan01,F,6-9,223
jamisha01,F,6-8,260
jaqueja01,G-F,6-6,225
jaricma01,G,6-7,198
jarrede01,G,6-5,185
jasiksa01,G,6-4,195
jawaina01,C-F,6-10,280
jeffech01,G-F,6-8,225
jeffeot01,G,6-5,200
jeffeal01,C-F,6-10,289
jeffeam01,F,6-9,222
jeffeco01,F,6-9,218
jeffedo01,G,6-5,195
jefferi01,F,6-7,233
jeffrda01,G-F,6-5,230
jeffrja01,F,6-11,230
jemistr01,C,6-11,260
jenkich01,G,6-3,220
jenkiho01,G,6-1,180
jenkijo01,G,6-4,215
jennibr01,G,6-1,170
jennike01,G,5-7,160
jentch01,F,6-7,220
jepsele01,C,7-0,237
jerebjo01,F,6-10,231
jeromty01,G,6-5,195
jerregr01,F,6-10,235
jetereu01,G,5-11,175
jianlyi01,F,7-0,240
joeis01,G,6-4,165
johnsbr01,F,6-10,210
johnsal01,F,6-9,240
johnsal02,F,6-7,212
johnsam01,F-C,6-9,240
johnsan02,G,6-3,190
johnsar02,G,6-3,195
johnsav01,G,5-10,175
johnsbj01,G,6-7,200
johnsbr02,F,6-10,230
johnsbu01,F,6-7,190
johnsca02,F,6-8,210
johnsca01,G,5-10,180
johnsch03,C,6-11,210
johnsch04,F-G,6-6,206
johnsda04,C,7-0,255
johnsda02,G,6-1,170
johnsda01,G-F,6-7,210
johnsda08,G,6-5,210
johnsde02,F,6-9,245
johnsde01,G,6-4,185
johnsde03,F,6-9,201
johnsed03,F-G,6-7,215
johnser01,G,6-2,205
johnser02,C,6-11,245
johnsfr01,G,6-1,185
johnsiv01,F,6-8,230
johnsja02,F,6-10,221
johnsja05,F,6-9,220
johnsja01,F,6-7,240
johnsjo02,G-F,6-7,240
johnske04,G,6-5,220
johnske03,F-C,6-11,240
johnske07,G,6-5,186
johnske02,G,6-1,180
johnske08,F,6-5,230
johnsla02,F,6-7,250
johnsli01,F,6-8,205
johnsma02,G-F,6-9,215
johnsma01,F-G,6-7,218
johnsni01,G,6-3,202
johnsom01,F,6-9,220
johnsor01,G,6-5,220
johnsst04,F,6-6,242
johnsst03,C-F,6-10,235
johnstr01,G,6-5,218
johnsty01,G,6-3,186
johnsvi01,G,6-2,200
johnswe01,F-G,6-7,215
johnsda03,G,6-2,215
johnsna01,F,6-8,210
jokicni01,C-F,6-11,284
jonesal01,C,6-11,265
jonesan01,G-F,6-6,195
jonesas01,G,6-5,200
jonesbo02,F,6-7,215
jonesca01,C-F,6-11,217
jonesca03,G,6-1,185
jonesch01,F-C,6-9,215
jonesch03,G,6-3,180
jonesco02,G,6-6,205
jonesda02,G-F,6-6,225
jonesda03,F-C,6-11,245
jonesda01,G,6-3,185
jonesde01,F,6-8,221
jonesde02,F,6-5,210
jonesdo02,G,6-4,215
jonesdo01,F,6-8,220
jonesdw02,F-C,6-11,250
jonesed02,G-F,6-6,190
jonesfr01,G-F,6-4,210
joneshe01,F,6-8,210
jonesja04,G,6-7,220
jonesja02,F-G,6-8,218
jonesje01,F,6-5,174
jonesju01,F,6-8,218
joneska01,F-C,6-11,218
joneske01,F,6-8,251
jonesma03,G,6-6,215
jonesma05,G,6-4,200
jonespe01,F,6-11,235
jonespo01,F,6-8,250
jonesso01,F,6-10,230
joneste01,F,6-9,252
jonestr01,G,6-1,185
jonesty01,G,6-1,196
jordaad01,G,5-11,170
jordade01,C,6-11,265
jordaje01,C,7-0,253
jordami01,G-F,6-6,198
jordare01,G,6-4,195
jordath01,F-C,6-10,220
josepco01,G,6-2,200
josepga01,C,7-2,315
josepkr01,F,6-7,210
jovicni01,G-F,6-10,209
juzanjo01,G,6-7,215
kabenmf01,F,6-9,250
kalaige01,G-F,6-8,192
kamanch01,C,7-0,265
kaminfr01,F-C,7-0,240
kaponja01,F,6-8,213
karasse01,G-F,6-7,208
karlco01,G,6-5,215
kasunma01,C,7-1,260
kaunsa01,C,6-11,260
keefead01,F,6-9,230
keelstr01,G,6-5,221
kellyry01,F,6-11,230
kempsh01,F-C,6-10,230
kemptti01,F-C,6-10,245
kennalu01,G,6-5,206
kennedj01,F,6-6,215
kernejo01,C,6-11,245
kerrst01,G,6-3,175
kerseje01,F,6-7,215
kesslal01,F-C,6-11,230
kesslwa01,C,7-0,245
ketnela01,F-C,6-9,277
keybr01,F,6-8,230
keysra01,F-G,6-7,195
khryavi01,F,6-9,210
kiddja01,G,6-4,205
kiddst01,F,6-6,215
kiddwa01,F,6-9,235
kiddgmi01,F,6-6,232
kilpase01,G,6-4,210
kimblbo01,G,6-4,190
kimbrst01,G,5-11,153
kingal01,F-G,6-6,190
kingbe01,F,6-7,205
kingch01,F,6-8,215
kingfr01,G,6-1,185
kingge03,G-F,6-6,225
kingge02,F,6-9,230
kingji02,G,6-5,210
kinglo02,F,6-7,205
kingri01,C,7-2,260
kingst01,F-C,6-11,230
kinseta01,G,6-6,185
kirilan01,F,6-9,220
kirkal01,C,7-0,245
kispeco01,G-F,6-7,220
kitegr01,C,6-11,250
kittlke01,G,6-5,179
klebima01,F,6-10,240
kleinjo01,C,6-11,255
kleizli01,F,6-8,245
knighbr02,G,6-0,180
knighbr03,G,6-2,182
knighbr01,G,5-10,173
knighna01,F-C,6-8,253
knighne01,G,6-1,175
knightr01,C,7-0,235
knoxke01,F,6-7,215
kofoeba01,G,6-4,210
kolokch01,C,7-1,230
koncajo01,C-F,7-0,250
konchjo01,G,6-5,210
korkmfu01,G,6-7,202
kornefr01,F,6-9,225
kornelu01,C-F,7-2,250
korolya01,F,6-9,203
korveky01,G-F,6-7,212
koufoko01,C,7-0,245
kravtvi01,C,7-0,260
krejcvi01,G,6-8,195
krstine01,C,7-0,240
krystla01,F-C,6-9,220
kukocto01,F,6-10,192
kulboar01,F,6-9,198
kuminjo01,F,6-8,210
kurucro01,F,6-9,228
kurzro01,F,6-9,232
kutluib01,G,6-6,200
kuzmaky01,F,6-9,221
kuzmiog01,C,7-1,251
kuzmimi01,F,6-9,215
lafrera01,F-C,6-11,240
laravja01,F,6-8,235
larueru01,G,6-2,210
lavinza01,G-F,6-5,200
labissk01,F,6-10,235
laettch01,F-C,6-11,235
lafayol01,G,6-2,190
laimbbi01,C,6-11,245
lamban01,F,6-6,227
lambdo01,G,6-4,210
lambje01,G-F,6-5,180
lampema01,C,6-11,275
lamplse01,F,6-7,227
landajo01,C,6-11,256
landrca01,F,6-9,248
landrma01,F,6-7,230
laneje01,F,6-6,230
langan01,C,6-11,245
langan02,F-G,6-8,205
langja01,C,6-10,285
langdtr01,G,6-3,197
langfke01,G,6-4,215
langfro01,G,6-5,216
langhda01,F,6-11,220
laproni01,G,6-4,180
larkish01,G,5-11,175
lasmest01,F,6-8,215
laudepr01,C,7-4,325
lauvejo01,C-F,6-11,220
lawac01,G,6-3,195
lawvi01,F,6-7,200
lawalga01,F,6-9,234
lawsoaj01,G,6-6,179
lawsoja01,C,6-11,240
lawsoty01,G,5-11,195
laymaja01,F,6-8,209
leverca01,G-F,6-6,205
leaftj01,F,6-10,222
leboje01,G,6-2,180
leckner01,C-F,6-11,265
lecquja01,G,6-4,185
ledori01,G,6-7,195
leeco01,G,6-5,215
leeda03,G,6-5,210
leeda02,F-C,6-9,245
leedo01,G-F,6-5,200
leeku01,G,6-3,190
leema01,G,6-5,200
leesa01,G,6-2,183
legleti01,G,6-4,200
lemonwa01,G,6-3,180
lenal01,C,7-0,250
lenarvo01,G,6-4,205
leonaga01,C,7-1,250
leonaka01,F,6-7,225
leoname01,C-F,7-0,260
lesji01,G,5-11,165
leslitr01,G,6-4,205
lettcl01,G,6-3,170
leuerjo01,F,6-10,228
leverfa01,G,6-3,170
levincl01,F,6-8,210
lewisce01,F-C,6-10,235
lewiski01,G,6-1,170
lewisma01,F,6-5,210
lewisma05,F,6-7,195
lewisqu01,F,6-7,215
lewisra01,F-G,6-6,200
lewisra02,F,6-10,215
lewisre01,G-F,6-7,195
lewissc01,G,6-5,189
liberma01,F,6-8,205
lichtto01,G-F,6-4,205
liddeej01,F,6-7,240
liggide01,G,6-6,209
lillada01,G,6-2,195
linje01,G,6-3,200
listeal01,C-F,7-0,240
littlna01,F,6-5,220
livelde01,C,7-1,230
liveris01,F,6-7,230
livinch01,F,6-6,220
livinra01,G,6-4,209
livinsh01,G,6-7,192
llamaho01,C,6-11,285
lloydle01,G-F,6-6,205
lockhia01,F,6-8,240
loftoke01,F,6-7,275
loftoza01,G,6-4,180
lohaubr01,F-C,6-11,230
longar01,F-C,6-9,250
longgr01,F,6-8,225
longjo01,G-F,6-5,195
longsh01,C-F,6-9,255
longllu01,C,7-2,265
looneke01,F-C,6-9,222
lopezbr01,C,7-1,282
lopezfe01,G,6-5,199
lopezra01,G,6-1,170
lopezro01,C,7-1,281
lorthry01,G,6-4,190
louzama01,G,6-5,188
loveke01,F-C,6-8,251
lowesi01,G,6-0,195
lowryky01,G,6-0,196
loydjo01,G,6-4,210
lucasjo01,G,6-3,175
lucaska01,G,6-1,195
lucasjo02,G,5-11,166
luety01,G,6-0,175
lundbga01,G,6-4,203
lundyse01,G-F,6-6,220
luwawti01,F,6-7,220
lydonty01,F,6-10,225
lylestr01,F,6-9,234
lynchge01,F,6-8,218
lynchke01,G-F,6-5,195
mcclesh01,G,6-5,200
maccuto01,C,7-0,280
macledo01,F,6-10,235
machasc01,G,6-1,205
macijar01,G,6-4,214
macksa01,F-G,6-7,220
macksh01,G,6-3,203
mackema01,F-C,6-9,248
macklve01,F,6-10,227
maconda01,G,6-2,185
maconma01,G,6-5,185
macurjp01,G,6-5,203
maddoti01,G,6-4,190
madkige01,G,6-4,200
madsema01,F-C,6-9,240
magetjo01,G,6-1,160
maggeco01,F,6-6,218
magloja01,C,6-11,259
magnawi01,C,6-10,234
mahinia01,C,6-11,262
mahorri01,C-F,6-10,240
majerda01,G-F,6-6,215
majorre01,F,6-7,200
makerth01,F-C,7-0,221
maledth01,G,6-4,175
malonje01,G,6-4,205
malonka01,F,6-9,250
malonmo01,C-F,6-10,215
malonma01,G,6-3,192
mamuksa01,C-F,6-11,240
maneka01,G,6-3,190
mannte01,G-F,6-5,215
manntr01,G,6-3,178
mannida01,F-C,6-10,230
manniri01,C,6-11,253
mannini01,G,6-2,190
marblde01,G-F,6-6,200
marblro01,G-F,6-6,190
marbust01,G,6-2,180
marcisa01,G,6-5,200
mariosh01,F,6-7,220
marjabo01,C,7-4,290
markkla01,F-C,7-0,240
markoda01,C,6-10,225
marksse01,F-C,6-10,250
marshdo02,F,6-7,230
marshdo01,F,6-9,218
marshke01,G,6-4,200
marshna01,F,6-7,220
marshra01,G-F,6-9,190
martibo01,C,7-0,250
martica02,F,6-5,205
martica01,F,6-7,220
martico01,G-F,6-5,205
marticu01,G-F,6-5,213
martida01,G,5-11,170
martija01,F,6-10,239
martije01,G,6-5,195
martije02,G,6-3,185
martike03,F,6-5,230
martike01,F,6-9,234
martike02,G,6-7,199
martike04,F,6-6,215
martity01,G,6-6,215
mashbja01,F,6-8,240
masonan01,F,6-8,250
masonde01,F,6-7,224
masonfr01,G,5-11,190
masonro01,G,6-5,200
masseto01,F,6-9,220
matenya01,F,6-8,240
mathega01,G,6-5,215
mathima01,C-F,6-10,230
mathida01,G,6-4,200
mathube01,G-F,6-6,210
matthwe01,G,6-1,170
matthwe02,G,6-5,220
maxeyma01,F,6-8,250
maxeyty01,G,6-2,200
maxieja01,F-C,6-7,260
maxweve01,G,6-4,180
mayse01,F-C,6-9,266
maybele01,G,6-1,172
mayesth01,G,6-3,175
maynoer01,G,6-3,175
mayooj01,G,6-5,210
mayssk01,G,6-4,205
maystr01,G,6-2,190
mbahalu01,F,6-8,230
mcadoja01,F,6-9,230
mcbrimi01,G,6-2,200
mccalta01,G,6-5,195
mccalra01,G,6-3,190
mccanbo01,F,6-6,244
mccanme01,F,6-8,240
mccanra01,G,6-4,207
mccarke01,G-F,6-7,200
mccarwa01,F,6-10,230
mccasam01,F-C,6-11,235
mccawpa01,G,6-7,181
mcclida01,C,7-0,270
mccloge01,G-F,6-6,205
mccluma01,G,6-2,185
mccolcj01,G,6-3,190
mccontj01,G,6-1,190
mccorti01,C,6-11,240
mccoyje01,C,6-10,245
mccrach01,G,6-5,192
mccraro01,F-G,6-7,220
mccreer01,F,6-7,219
mcculch01,F,6-11,200
mcdancl01,G,6-4,180
mcdanxa01,F,6-7,205
mcdanja02,F,6-9,185
mcdanja01,F,6-9,205
mcdankj01,G-F,6-6,205
mcderdo01,F,6-6,225
mcderse01,F,6-6,195
mcdonmi01,C,6-10,232
mcdyean01,F-C,6-9,220
mcfariv01,F,6-8,240
mcgarmi01,F-C,6-10,255
mcgeeja01,C,7-0,270
mcgeemi01,G-F,6-5,190
mcgowbr01,G-F,6-7,179
mcgratr01,G-F,6-8,210
mcgrica01,F,6-7,230
mcgruro01,G,6-4,205
mcguido01,F,6-9,220
mchalke01,F-C,6-10,210
mcilvji01,C,7-1,240
mcinnje01,G,6-4,190
mckeyde01,F-C,6-9,205
mckieaa01,G-F,6-5,209
mckinca01,G,6-4,190
mckintr01,G,6-5,214
mckinal01,F,6-7,215
mclauja01,G,6-4,190
mclaujo01,G,6-0,185
mclembe01,G,6-3,195
mcleoke01,G,6-2,188
mcleoro01,F,6-8,221
mcmilna01,G-F,6-5,195
mcnamma01,C-F,6-11,235
mcneaje01,G,6-3,200
mcphepa01,G,6-4,210
mcraejo01,G,6-5,179
mcrobjo01,F-C,6-10,240
medvest01,F,6-10,250
meeda01,G,6-5,175
meeksjo01,G,6-4,210
meentsc01,F,6-10,225
mejrisa01,C,7-2,235
mekelga01,G,6-3,191
mellini01,F,6-9,236
melofa01,C,7-0,255
meltode01,G,6-2,200
mensana01,F,6-8,230
mensapo01,F,6-9,240
mercero01,G-F,6-7,210
merrisa01,G,6-4,205
metuch01,F-C,6-9,225
meyerlo01,C,6-10,257
micicva01,G,6-5,200
mickejo01,F,6-8,235
middlkh01,F-G,6-7,222
mihmch01,C-F,7-0,265
mikaer01,C,6-10,230
milesaa01,G,6-1,175
milescj01,G-F,6-6,220
milesda01,F,6-9,210
milicma01,G-F,6-6,235
milicda01,F-C,7-0,250
millean02,G,6-3,200
millean01,F,6-9,225
millebr01,C-F,6-11,244
millebr02,F-G,6-9,201
milleda01,F,6-6,225
millejo02,G,6-7,195
millele01,F,6-10,210
millema01,F,6-7,210
millemi01,F-G,6-8,218
milleol01,C,6-9,280
millequ01,F,6-9,210
millere01,G-F,6-7,185
whiteda01,F,6-7,220
millsch01,F,6-6,215
millspa02,G,6-2,180
millste01,F,6-10,230
millsel01,G-F,6-6,225
millspa01,F,6-7,257
miltosh01,G,6-5,205
minayju01,F,6-5,210
minerha01,G,6-5,210
mingya01,C,7-6,310
minorgr01,G-F,6-6,210
minotjo01,F,6-8,205
mirotni01,F,6-10,250
miskija01,G,6-2,175
mitchda01,G,6-2,205
mitchdo01,G,6-3,215
mitchsa01,F,6-6,210
mitchto03,F,6-6,216
mitchto02,F,6-8,235
mitrona01,G,6-3,218
moblecu01,G,6-4,190
mobleer01,C,6-11,235
mobleev01,F-C,6-11,215
mobleis01,F,6-8,240
mohamna01,C,6-10,221
moisoje01,F-C,6-10,235
mokespa01,C-F,7-0,250
mokokad01,G,6-4,190
moncrsi01,G,6-4,180
monekch01,F,6-6,222
moniase01,F,6-8,220
monkma01,G,6-3,200
monrogr01,C-F,6-11,265
monroro01,G,6-3,185
montelu01,G,6-7,185
montrer01,C,7-0,270
moodymo01,G,6-6,205
moonja01,F,6-8,205
moonxa01,G,6-2,165
moonema01,G,6-3,199
moorebe01,F,6-8,220
mooreet01,G-F,6-3,191
moorejo01,G,6-1,175
mooremi01,C-F,6-11,225
mooreta02,G,6-5,195
mooretr01,G-F,6-4,200
moorewe01,G-F,6-5,213
moranja01,G,6-2,174
moreler01,F-C,6-10,238
morgaju01,F,6-7,232
mornida01,C,6-10,235
morrich01,F,6-8,210
morrida01,G,6-4,190
morriis01,F,6-8,229
morrija01,G,6-5,185
morrima03,F,6-8,218
morrima02,F,6-9,245
morrimo01,G,6-2,183
morrira01,C,6-10,266
morrite01,F,6-9,221
morriad01,F,6-8,205
morrimi01,G,6-4,195
morroan01,G,6-5,210
mortodw01,F,6-7,195
mortojo01,G,6-3,180
motenla01,G,6-5,185
motiedo01,F-C,7-0,222
motlejo01,F,6-8,230
mottoha01,F-C,6-11,247
moultar01,F,6-11,249
mournal01,C-F,6-10,240
mozgoti01,C,7-1,275
mudiaem01,G,6-3,200
muhamsh01,F-G,6-6,223
muldemy01,G-F,6-3,184
mulleby01,C-F,7-0,275
mullich01,F-G,6-7,215
mundtto01,C,7-0,250
munfoxa02,G,6-2,180
munkch01,F,6-9,225
murdoer01,G,6-1,190
muresgh01,C,7-7,303
murkead01,G,6-5,200
murpher01,F,6-10,230
murphke01,G,6-5,185
murphto01,C-F,6-9,220
murphtr02,F,6-8,206
murphtr01,F-C,6-11,245
murrade01,G,6-5,180
murraja01,G,6-4,215
murrake02,F,6-8,215
murrakr01,F,6-8,220
murrala01,F,6-7,236
murraro01,G,6-4,190
murratr01,F,6-7,225
murryto01,G-F,6-5,195
musadz01,G-F,6-9,217
muscami01,F-C,6-10,240
mustaje01,F-C,6-10,238
mutomdi01,C,7-2,245
muursma01,F,6-9,235
myerspe01,G-F,6-6,180
mykhasv01,G-F,6-7,205
ndiayha01,C,7-0,235
ndiayma01,F,6-8,245
ndiayma02,C,7-0,255
ndongbo01,C,7-0,198
nachbbo01,F,6-9,221
naderab01,F,6-5,225
nailole01,F,6-9,238
najered01,F,6-8,240
nancela01,F-C,6-10,205
nancela02,F-C,6-8,245
nancepe01,F,6-11,230
napiesh01,G,6-0,175
nashst01,G,6-3,195
nathaho01,G,5-11,175
nattca01,F,6-6,220
navarju01,G,6-3,170
ndourma01,F,6-9,200
nealcr01,G,6-5,165
nealga01,G,6-4,210
nealyed01,F,6-7,238
nedovne01,G,6-3,192
nelsode01,G,6-4,200
nelsoja01,G,6-0,190
nembhan01,G,6-5,193
nembhrj01,G,6-5,200
nembhru01,G,6-3,208
nesbyty01,F,6-6,225
nesmiaa01,G-F,6-5,215
nestera01,C,7-0,248
netora01,G,6-1,180
nevitch01,C,7-5,217
newbeme01,G,6-4,200
newbiiv01,F,6-9,245
newblir01,F,6-7,220
newmajo01,F-G,6-7,190
newmama01,G,6-3,190
niangge01,F,6-7,230
nichode01,F,6-8,216
nichoan01,F,6-9,250
nickega01,G,6-3,190
nimphku01,C-F,6-10,218
nixda01,G,6-5,224
nixdy01,F,6-7,210
nnajize01,F,6-9,240
noahjo01,C,6-11,230
nocioan01,F,6-7,225
noelda01,F,6-6,230
noelne01,C-F,6-10,220
noguelu01,C,7-0,241
nordgje01,F,6-7,225
normake01,F,6-8,215
norrimo01,G,6-1,175
norveza01,G,6-5,206
novakst01,F,6-10,225
nowelja01,G,6-4,201
nowelma01,G,5-8,160
nowitdi01,F-C,7-0,245
ntilila01,G,6-4,200
nunnke01,G,6-2,190
nunnaja01,F,6-7,208
nurkiju01,C,7-0,290
nwabada01,G,6-5,219
nworajo01,F,6-8,225
nwosuju01,C,6-10,255
obannch01,G-F,6-5,209
obanned01,F,6-8,222
obriejj01,F,6-7,228
obryajo01,F-C,6-9,257
obryapa01,C,7-0,260
onealje01,C-F,6-11,226
onealsh01,C,7-1,325
onealro01,F,6-4,226
oquinky01,F-C,6-9,250
osullda01,C,6-10,250
oaklech01,F-C,6-9,225
obertfa01,C-F,6-10,245
ochefda01,C,6-11,245
odengr01,C,7-0,250
odomla01,F,6-10,220
oggal01,C,7-2,240
ohlbrti01,C,6-11,255
ojelese01,F,6-6,240
okafoem01,C-F,6-10,252
okafoja01,C-F,6-10,270
okekech01,F,6-6,229
okoboel01,G,6-3,190
okogijo01,G,6-4,213
okongon01,F,6-8,235
okorois01,G-F,6-5,225
okpalkz01,F,6-8,215
okurme01,C-F,6-11,249
oladivi01,G,6-3,213
olajuha01,C,7-0,255
oldhaja01,C,7-0,215
olivebr01,G,6-4,210
oliveca01,F,6-8,239
olivede01,G,5-11,180
oliveji01,G-F,6-5,205
ollieke01,G,6-4,195
olowomi01,C,7-0,269
olynyke01,C-F,6-11,240
omorueu01,F,6-7,244
onimi01,G,6-5,206
onuakar01,C,6-9,255
onuakch01,F-C,6-10,245
ortizjo01,F,6-10,225
ortonda01,C-F,6-10,255
osmande01,F,6-7,230
ostergr01,C,7-2,280
othicma01,G,6-2,165
oturuda01,F-C,6-8,240
oubreke01,F,6-7,203
outlabo01,F,6-8,210
outlatr01,F,6-9,210
overtdo01,G,6-3,190
owensan01,G,6-4,200
owensbi01,F-G,6-8,220
owensch01,F,6-7,245
owenske01,F,6-7,225
owensla01,F,6-7,210
owensta01,F,6-10,205
owesra01,F,6-9,224
oyedeol01,C,6-10,240
pachuza01,C,6-11,270
packro01,G,6-2,180
paddige01,F-G,6-7,205
padgesc01,F,6-9,240
paigeja01,G,6-3,205
paigema01,G,6-1,175
palacmi01,G,6-3,195
palmetr01,G,6-6,200
palmewa01,C-F,7-1,215
pangoke01,G,6-2,179
pankoan01,F,6-9,222
papagge01,C,7-1,240
papanko01,F,6-8,225
pargoja01,G,6-1,175
pargoje01,G,6-2,219
parisro01,C,7-1,230
parkean01,G,6-6,215
parkeja01,F,6-8,245
parkesm01,G,6-4,190
parketo01,G,6-2,185
parksch02,C-F,6-11,235
parsoch01,F,6-9,230
pascher01,F,6-6,255
pasecan01,C,7-1,229
paspaza01,F,6-9,215
pattean01,F,6-9,238
pattela01,G-F,6-5,225
pattepa01,F,6-8,235
patteru01,F,6-5,224
pattoju01,C,6-11,241
paulbr01,G,6-4,200
paulch01,G,6-0,175
pavloal01,G-F,6-8,220
paxsoji02,G-F,6-6,200
paxsojo01,G,6-2,185
paynead01,F-C,6-10,237
payneca01,G,6-3,183
payneke01,F-G,6-8,195
paytoel01,G,6-3,195
paytoga01,G,6-4,180
paytoga02,G,6-2,190
pecheol01,C,7-0,232
peelean01,G,6-4,208
pekovni01,C,6-11,307
pelleno01,F-C,6-10,231
penbemi01,G,6-3,185
penigde01,F,6-7,245
penneki01,G,6-5,220
peplomi01,C,6-10,270
perduwi01,C,7-0,240
pereima01,F,6-8,177
perkike01,C,6-10,270
perkisa01,F-C,6-9,235
perovko01,C,7-2,240
perralo01,G,6-2,200
perryel01,G,6-0,150
perryre01,F-C,6-8,250
perryti01,F-C,6-9,200
persoch01,F,6-8,220
persowe01,G,6-6,195
peteral01,F,6-9,232
peterji01,F-C,6-10,235
peterdr01,G,6-9,205
petermo01,F,6-7,218
petrojo01,C,7-0,247
petrodr01,G,6-5,195
petrufi01,F-C,6-11,234
petruri01,C-F,6-10,260
phelpde01,G,6-4,181
phillju01,F,6-8,198
phillbo01,G,6-5,210
piatker01,G-F,6-7,215
pickeja02,G,6-4,209
pickeja01,G-F,6-9,206
piercpa01,F-G,6-7,235
piercri01,G,6-4,205
pietrmi01,G-F,6-6,215
pincked01,F,6-9,195
pinknke01,F,6-10,245
pinsoth01,G,6-5,212
pippesc01,F-G,6-8,210
pippesc02,G,6-1,185
pittmde01,C,6-11,308
planizo01,G,6-7,195
pleisti01,C,7-3,256
plumlma02,C,7-0,250
plumlma01,C-F,6-10,254
plumlmi01,C-F,6-11,249
plummga01,F-C,6-9,215
podkopa01,C,7-5,260
podzibr01,G,6-5,205
poeltja01,C,7-0,245
poirivi01,C,7-0,235
pokusal01,F,7-0,190
pollasc01,C,6-11,265
polynol01,C-F,6-11,220
pondequ01,G-F,6-7,230
pondssh01,G,6-0,180
ponsyv01,F,6-6,215
poolejo01,G,6-4,194
popema01,F,6-10,235
popsoda01,F-C,6-10,220
portech01,F,6-7,218
portecr01,G,6-2,186
portejo01,F-C,6-11,240
porteke02,G,6-4,203
portemi01,F,6-10,218
porteot01,F,6-8,198
portete01,G,6-3,195
portibo01,F,6-10,250
porzikr01,F-C,7-2,240
poseyja01,F-G,6-8,215
postela01,G,6-5,215
potapvi01,C,6-10,280
pottemi01,C,6-10,248
powele01,F,6-8,240
poweldw01,F-C,6-10,240
poweljo01,F,6-9,225
powelka01,F,6-7,215
powelmy01,G,6-2,195
powelno01,G,6-3,215
powelro01,F,6-6,235
poythal01,F,6-9,235
presspa01,G-F,6-5,185
pressph01,G,5-11,175
pressha01,F-G,6-7,210
prestja01,G,6-4,187
priceaj01,G,6-2,181
pricebr01,G,6-1,165
pricema01,G,6-0,170
pricero01,G,6-2,190
prigipa01,G,6-3,185
primojo01,G,6-6,190
princta02,F,6-6,218
princta01,F,6-9,212
pritcke01,G,6-3,180
pritcpa01,G,6-1,195
profila01,G-F,6-5,204
prospol01,F,6-8,230
pruitga01,G,6-4,170
przybjo01,C,7-1,255
pullaan01,F,6-10,245
pulleja01,G,6-1,200
purviro01,G,6-4,205
qizh01,F-C,7-1,210
quartti01,G,6-6,195
queentr01,G,6-6,190
quetane01,C,7-0,245
quickim01,G,6-3,190
quinnch01,G,6-2,185
quinnbr01,F,6-8,235
quinole01,G,6-5,208
rabbiv01,F,6-10,220
radjadi01,F-C,6-11,225
radmavl01,F,6-10,227
radojal01,C,7-3,250
radulmi01,C,7-0,250
rakocig01,G,6-3,183
rambiku01,F,6-8,213
ramospe01,C,7-3,275
ramseja01,G,6-3,190
randama01,F,6-8,235
randlch01,G,6-2,185
randlju01,F-C,6-8,250
randoan01,F,6-10,205
randosh01,F,6-10,240
randoza01,F-C,6-9,250
rasmubl01,C,7-0,250
rathaxa01,G,6-4,208
ratlith01,C-F,6-10,225
rautian01,G,6-4,190
rayal01,G,6-2,190
reathdu01,C,6-11,245
reaveau01,G,6-5,206
reavejo02,G,6-4,214
rebraze01,C,7-0,257
recasel01,G,6-3,190
reddmi01,G,6-6,220
reddica01,F,6-8,218
redicjj01,G,6-3,200
reedda01,G,6-5,208
reedju01,F,6-8,240
reedpa01,F,6-9,210
reedwi02,F-C,6-10,220
reevebr01,C,7-0,275
reevekh01,G,6-3,199
reiddo01,F,6-8,250
reidjr01,F,6-9,247
reidna01,F,6-9,264
reidro01,F-G,6-8,205
reidry01,F,6-8,232
reineja01,C,6-11,255
renchte01,G,6-3,185
rentzef01,C,6-11,250
respesh01,G,6-1,195
reynoca01,G,6-7,225
reynoje01,G-F,6-8,200
rhodeja01,G,6-6,210
rhodero01,G-F,6-6,225
ricegl01,F,6-8,215
ricegl02,G,6-6,206
richach01,F,6-9,270
richani01,F-C,7-0,245
richaja01,G,6-6,220
richaje01,G-F,6-6,185
richajo01,G,6-5,200
richama01,G,6-6,205
richano01,G,6-5,190
richapo01,G,6-1,180
richaqu01,G-F,6-6,223
richmmi01,G,6-5,215
rideris01,G,6-5,215
ridnolu01,G,6-2,175
rigauan01,G,6-7,210
rileyer01,C,7-0,245
rillegr01,G,6-2,190
riverau01,G,6-4,200
riverda01,G,6-0,170
riverdo01,G,6-4,185
roberan03,G-F,6-7,210
roberan02,G,6-2,180
roberte01,F,6-7,215
roberbr01,G,6-1,173
roberfr01,F-C,6-10,218
roberla01,F,6-9,240
roberst01,C,7-0,285
roberal01,G,6-4,185
roberry01,G,6-5,190
robinbe01,G-F,6-6,210
robinch01,G,6-5,200
robincl01,F,6-9,220
robincl02,F-C,6-10,225
robinda01,C,7-1,235
robinde01,F,6-8,200
robindu01,G-F,6-7,215
robined01,G-F,6-8,210
robingl01,F,6-7,225
robingl02,G-F,6-6,222
robinja03,F,6-7,212
robinja02,G,6-2,180
robinje01,G,6-4,190
robinju01,G,6-1,195
robinla01,F-G,6-3,180
robinmi01,C,7-0,240
robinna01,G,5-9,180
robinor01,F,7-0,235
robinru01,G,6-2,195
robinth01,F,6-10,237
robinje02,F,6-9,230
robyis01,F,6-8,230
roddyda01,F,6-4,255
rodmade01,F,6-7,210
rodrise01,G,6-3,176
roelo01,F,6-7,220
rogerca01,C-F,6-11,220
rogerro01,F,6-7,235
rogerro02,F,6-10,235
rolliry01,G,6-4,180
rollitr01,C,7-1,235
rondora01,G,6-1,180
rooksse01,C,6-10,250
rosede01,G,6-3,200
roseja01,G-F,6-8,210
rosema01,F-C,6-7,250
rossqu01,G,6-6,195
rosste01,F-G,6-6,206
rothdo01,C,6-11,255
rothsc01,F,6-8,212
rowinji01,F-C,6-8,250
rowsobr01,F,6-9,220
roybr01,G,6-6,215
royaldo01,F,6-8,210
roziecl01,C-F,6-11,245
roziete01,G,6-1,190
rubiori01,G,6-2,190
ruckegu01,F-C,6-11,265
ruddde01,G,6-2,180
rudezda01,F,6-10,228
ruffimi01,F,6-9,246
ruffitr01,G,6-1,185
rulanje01,C-F,6-10,240
ruperra01,G,6-6,205
ruscost01,C-F,6-9,240
rushbr01,G-F,6-6,220
rushka01,G,6-6,215
russebr01,F,6-7,225
russeda01,G,6-3,193
russewa02,G,6-0,170
ryanma01,F,6-6,215
sabonar01,C,7-3,279
sabondo01,C-F,6-10,240
sacrero01,C,7-0,270
sallejo01,F-C,6-11,230
salmojo01,G,6-7,210
salvake01,C,7-0,231
samakso01,C,7-0,230
samanlu01,F,6-10,227
sambch01,C,7-1,245
sampsbr01,G,6-5,184
sampsja02,G-F,6-7,214
sampsja01,F-C,6-11,235
sampsra01,C-F,7-4,228
samueje01,F,6-7,230
samuesa01,F,6-9,260
sanchpe01,G,6-4,195
sandeje01,F,6-8,225
sandela01,C-F,6-11,235
sandeme01,G-F,6-5,210
sandemi01,F-G,6-6,210
sanogad01,F,6-9,245
santida01,C,7-1,256
santogu01,F,6-8,209
saricda01,F-C,6-10,225
sarrol01,C,7-0,237
sasseja01,F,6-7,225
sasseje01,G,6-6,200
sassema01,G,6-2,195
satorto01,G,6-7,210
satteke01,G,6-2,186
savovpr01,G,6-6,225
scalabr01,F,6-9,241
scaleal01,G,6-4,185
schakjo01,F,6-6,200
schayda01,C-F,6-11,235
schefst01,C-F,6-9,250
schenlu01,C,7-1,255
schindw01,C,7-1,260
schofad01,G-F,6-5,241
schrede01,F-C,6-10,235
schrode01,G,6-1,172
scolalu01,F,6-9,240
scottbr01,F-C,6-10,250
scottby01,G,6-3,195
scottde01,F,6-8,229
scottja01,F,6-6,180
scottmi01,F,6-7,237
scottsh01,C,6-10,250
scotttr01,F,6-8,225
scrubja01,G-F,6-5,220
seabrde01,G,6-7,180
sealssh01,G,6-5,210
sealyma01,G,6-8,190
sefolth01,G-F,6-6,215
seikaro01,C,6-11,230
selbyjo01,G,6-2,183
seldewa01,G-F,6-5,230
sellebr01,C-F,7-0,210
senesa01,C-F,6-11,230
sengual01,C-F,6-11,235
sensabr01,F,6-6,235
serapke01,F,6-9,285
sesayan01,F,6-9,225
sessira01,G,6-3,190
seungha01,C,7-3,305
sextoco01,G,6-3,190
shackch01,F-C,6-10,225
shakumu01,G,6-3,190
shamela01,G,6-4,190
shammgo01,G,6-0,169
sharpda01,C,6-11,265
sharpsh01,G,6-6,200
sharpwa01,F,6-9,245
shaskjo01,C,6-11,235
shawbr01,G,6-6,190
shawca01,C,6-11,260
shayoma01,G,6-5,198
shengto01,F,6-9,217
sheppbe01,G,6-6,190
sheppje01,G,6-3,190
shirlpa01,F-C,6-10,230
shortpu01,F-G,6-7,210
shousde01,G,6-2,200
shumpim01,G,6-5,215
shvedal01,G,6-6,190
siakapa01,F-C,6-8,230
siberjo01,G,6-4,187
sichtje01,G,6-1,168
sikmaja01,C-F,6-11,230
silasxa01,G,6-5,205
silerga01,C,6-11,305
silvach01,F,6-8,234
simiewa01,F,6-9,255
simmobe01,G-F,6-10,240
simmobo01,G-F,6-7,210
simmoce01,F,6-9,235
simmojo02,G-F,6-6,195
simmoko01,G,6-5,166
simmoli01,F-G,6-7,210
simonmi01,G,6-3,202
simonma01,C,6-11,216
simonan01,G,6-3,181
simpkdi01,F,6-9,248
simpsza01,G,6-0,190
simsal01,G,6-4,235
simsco01,C,6-10,245
simshe01,C,6-10,248
simsje01,F,6-10,245
singlky01,F,6-8,228
singlse01,G,6-0,185
singlch01,F,6-8,230
singlja01,F,6-8,216
sirvyde01,G-F,6-8,190
sivape01,G,6-0,185
skapidm01,C,7-1,260
skilesc01,G,6-1,180
skinnbr01,F,6-9,255
slatere01,F,6-7,215
slawsja01,F,6-7,215
slayta01,G,6-8,215
sloando01,G,6-3,205
slokaur01,F,6-10,238
smailal01,F,6-10,215
smartja01,G,6-4,205
smartma01,G,6-3,220
smithch01,F-C,6-10,230
smithch02,G,6-1,160
smithch04,G,6-4,194
smithch03,G,6-3,190
smithch05,G,6-2,200
smithcl01,F,6-6,210
smithcr01,F,6-7,250
smithde03,G,6-2,205
smithde02,G-F,6-6,205
smithdo04,G-F,6-7,215
smithdo03,F,6-10,220
smithdr01,G,6-3,203
smithgr02,C,6-10,250
smithis01,G,6-0,175
smithjr01,G-F,6-6,225
smithja01,C,6-11,250
smithja05,F,6-11,220
smithja04,F,6-10,215
smithja02,F-C,7-0,240
smithje01,G,6-2,190
smithjo02,F,6-10,225
smithjo03,F,6-9,225
smithke01,G,6-3,170
smithla02,G,6-3,200
smithla01,F-C,6-8,215
smithle01,C,6-10,235
smithmi01,F,6-10,225
smithmi02,F,6-8,230
smithmi03,F,6-8,195
smithni01,G,6-5,185
smithno01,G,6-2,185
smithot01,G-F,6-5,210
smithre01,C,6-10,240
smithru01,G,6-0,165
smithst01,G,6-8,200
smithst03,F,6-8,235
smithst02,G,6-2,208
smithte01,G,6-4,165
smithth01,F,6-8,225
smithto02,G,6-3,185
smithzh01,G,6-3,205
smitsri01,C,7-4,250
smrekmi01,C,7-0,250
sneedxa01,F,6-5,215
snellto01,G-F,6-6,213
snower01,G,6-3,190
snydeki01,G,6-6,225
sochaje01,F-G,6-8,230
solomwi01,G,6-1,185
songada01,F,6-9,248
southja01,F,6-8,215
sowpa01,F,6-10,250
spaldra01,F,6-10,215
spanova01,G,6-4,195
sparrro01,G,6-2,175
speigma01,C-F,6-10,255
spellom01,F,6-8,245
spencan01,F,6-6,210
spencel01,C,7-0,270
spencfe01,C,7-0,265
spencpa01,G,6-3,205
splitti01,F-C,6-11,245
sprewla01,G,6-5,190
sprinja01,G,6-4,204
stackry01,F,6-11,215
stackje01,G-F,6-6,218
stanlca01,G,6-5,190
starkjo01,G,6-5,180
stausni01,G,6-6,205
steigma01,F,6-7,225
stepavl01,C,7-0,236
stephdj01,G-F,6-5,188
stephev01,G,6-2,175
stephjo01,F,6-7,210
stephla01,G-F,6-6,230
stephal01,F,6-10,270
steveba01,G-F,6-5,195
stevela01,F,6-6,230
stevede01,G,6-5,210
stewais01,F-C,6-8,250
stewake01,F,6-8,239
stewala01,F,6-8,220
stewami01,C,6-10,230
stiemgr01,C,6-11,260
stithbr01,G,6-5,208
stivral01,F,6-8,220
stockda01,G,5-11,165
stockjo01,G,6-1,170
stojape01,F,6-10,229
stokeed01,C,7-0,264
stokegr01,F-C,6-10,220
stokeja01,F-C,6-9,263
stonedi01,C,6-11,255
stoneju01,G,6-6,200
storeaw01,G-F,6-6,222
stoudda01,G,5-10,171
stoudsa01,G,6-1,179
stoudam01,F-C,6-10,245
strawdj01,G,6-5,201
strawju01,F,6-7,205
stricer01,G,6-3,210
stricma01,F,6-9,210
stricro02,G,6-3,175
stronde01,F,6-8,220
strotla01,G,6-4,190
strusma01,G,6-5,215
stuckro01,G,6-5,210
suggsja01,G,6-5,205
sullija01,F,6-9,260
summeda01,F,6-8,230
sumneed01,G,6-4,196
sundobr01,C,7-2,220
sundvjo01,G,6-2,170
surabo01,G,6-5,200
suttogr01,G,6-2,170
swanica01,F,6-9,260
sweetmi01,F,6-8,275
swideco01,F,6-9,220
swiftro01,C,7-0,245
swiftst01,F,6-9,225
swinsaa01,F,6-5,230
swordcr01,G,6-3,196
sypa01,F,6-7,225
sykeske01,G,6-0,180
sykesla01,F,6-9,255
szabobr01,C,6-11,230
szczewa02,F,6-7,244
tabakza01,C,7-0,245
tabusyu01,G,5-9,165
taftch01,F,6-10,260
tarladr01,C,6-10,260
tarplro01,C-F,6-11,230
tateja01,F,6-4,230
tatumja01,F,6-8,210
tavarwa01,C,7-3,260
taylodo01,G,6-6,180
taylois01,G,6-3,170
tayloja01,G,6-3,190
tayloje03,F,6-7,225
tayloje02,G,6-4,210
taylojo01,F,6-9,220
taylole01,F,6-8,220
tayloma01,F,6-9,260
taylomi01,G,6-2,165
taylote01,G-F,6-5,230
tayloty01,G,6-3,185
teaglte01,F-G,6-5,195
teaguje01,G,6-3,195
teaguma01,G,6-2,189
teletmi01,F,6-9,242
telfase01,G,6-0,165
templga01,G,6-5,195
teodomi01,G,6-5,196
terreja01,G,6-3,227
terryda01,G,6-7,195
terryem01,F,6-9,220
terryja01,G,6-2,185
terryty01,G,6-2,160
teskejo01,C,7-1,265
thabeha01,C,7-3,263
theisda01,C,6-8,245
theusre01,G,6-6,190
thomaad01,F,6-7,200
thomabi01,G,6-4,208
thomabr01,G,6-5,185
thomaca02,G,6-4,210
thomaca01,G,6-4,175
thomach01,G,6-3,175
thomaet01,F,6-9,256
thomair01,F,6-8,225
thomais02,G,5-9,185
thomais01,G,6-1,180
thomaja01,F,6-6,215
thomaja02,F,6-8,235
thomaji01,G,6-3,190
thomajo02,F,6-9,265
thomake01,F,6-7,261
thomakh01,G,6-3,210
thomaku01,F,6-9,230
thomala01,F,6-8,240
thomama01,F,6-9,225
thomama02,G,6-4,190
thomati01,F,6-10,230
thomaty01,F,6-9,215
thomptr02,F,6-10,245
thompam01,G,6-7,209
thompau01,G,6-7,215
thompbi01,F,6-7,195
thompbr01,G,6-4,193
thompdi01,G-F,6-7,195
thompho01,G-F,6-8,206
thompja02,F-C,6-11,250
thompke01,C-F,6-11,260
thompkl01,G-F,6-6,215
thompla01,C-F,6-10,245
thompmy01,C-F,6-10,226
thompmy02,G,6-6,211
thompst01,G,6-4,185
thomptr01,F-C,6-9,254
thorjt01,F,6-10,205
thornal01,F,6-8,220
thornbo01,F-C,6-10,225
thornma01,G,6-4,205
thornsi01,G,6-4,215
thorpot01,F-C,6-10,248
threase01,G,6-2,175
thybuma01,G,6-5,201
tilliki02,F,6-9,220
tillmxa01,F,6-8,245
tinslja01,G,6-3,195
tisdawa01,F-C,6-9,240
tobeymi01,C,7-0,260
toddis01,F,6-10,220
tolbeto01,F-C,6-7,235
tollian01,F-C,6-8,240
toneyse01,G,6-2,178
toolsan01,G-F,6-6,210
toppija01,F,6-9,205
toppiob01,F,6-9,220
torreos01,F,6-6,210
toscaju01,F,6-6,209
toupaax01,G-F,6-7,197
towerke01,C-F,6-11,250
townska01,C-F,7-0,248
traylro01,F,6-8,284
trentga01,F,6-8,250
trentga02,G,6-5,209
trepaje01,G,6-4,200
trieral01,G,6-4,200
tripuke01,F-G,6-6,220
trybace01,C,7-2,240
tsakaja01,C,7-2,285
tshieos01,F,6-9,260
tskitni01,F,7-0,225
tuckeal02,F,6-6,205
tuckean01,F,6-8,220
tuckepj01,F,6-5,245
tuckera01,F,6-3,209
tucketr01,G,6-5,193
turiaro01,F,6-10,249
turkcmi01,F,6-9,236
turkohe01,F,6-10,220
turnean01,G,5-11,160
turneev01,G,6-6,220
turnehe02,G-F,6-7,200
turneje01,F-C,6-9,230
turnejo01,F,6-8,245
turnemy01,C-F,6-11,250
turnewa01,G,6-2,190
turpime01,C,6-11,240
tylerbj01,G,6-1,185
tylerje01,C,6-10,260
tysonhu01,F,6-8,215
ubileed01,G,6-6,204
udohek01,C-F,6-10,245
udokaim01,F,6-6,215
udrihbe01,G,6-3,205
ukicro01,G,6-5,183
ulisty01,G,5-10,160
umudest01,G,6-6,210
upshake01,G,6-2,180
uthofja01,F,6-9,221
uzohbe01,G,6-3,205
valanjo01,C,6-11,265
valenda01,G,6-1,183
valende01,G,6-4,220
vanexni01,G,6-1,170
vanhoke01,F,6-10,220
vanvlfr01,G,6-0,197
vandelo01,F,6-8,215
vandeja01,F,6-8,214
vandeki01,F,6-8,220
vanteda01,G,6-5,200
vardara01,C,7-1,260
varejan01,F-C,6-11,273
varnaja01,F,6-9,230
vasqugr01,G,6-6,217
vassede01,G-F,6-5,200
vaughda02,F,6-9,240
vaughja01,G,6-1,190
vaughra01,G,6-6,202
vaughlo01,F,6-9,230
veselja01,F,6-11,240
vetragu01,F,6-6,195
vezenal01,F,6-9,225
viannjo01,F,6-9,215
villach01,F,6-11,232
vincega01,G,6-3,195
vinceja01,F,6-7,220
vincesa01,G,6-2,185
vincima01,F,6-8,225
vinsofr01,G,6-4,190
vocega01,F,6-9,240
volkoal01,C,6-10,218
vonleno01,F-C,6-10,257
voskuja01,C,6-11,245
vranesl01,C,7-5,275
vrankst01,C,7-2,260
vromaja01,F-C,6-10,220
vucevni01,C,6-10,260
vujacsa01,G,6-7,195
vukcetr01,F-C,7-0,223
wadede01,F,6-9,228
wadedw01,G,6-4,220
wafervo01,G,6-5,210
wagneda02,G,6-2,200
wagnefr01,G-F,6-10,225
wagnemo01,F-C,6-11,245
wainris01,F,6-6,250
waitedi01,G,6-3,215
walkean02,F,6-9,224
walkeda01,G,6-4,180
walkebi01,F,6-6,220
walkeja01,F,6-9,215
walkeja02,F,6-8,240
walkeke02,G,6-0,184
walkeke01,F,6-8,210
walkelo01,G,6-4,204
walkemj01,G,6-5,213
walkesa01,F,6-9,240
walljo01,G,6-3,210
wallabe01,F-C,6-9,240
wallaca01,G,6-4,193
wallage01,F,6-7,215
wallajo01,F,6-8,225
wallara01,F-C,6-11,225
wallaty01,G,6-5,198
walshjo01,G-F,6-7,205
walshma01,G-F,6-6,205
waltere01,G,6-4,190
waltode01,G,6-0,189
waltolu01,F,6-8,235
wanambr01,G,6-3,210
wardch01,G,6-2,190
wareca01,G,5-10,175
warneja01,F,6-8,260
warretj01,F,6-8,220
warrewi01,G,6-4,203
warriha01,F,6-9,219
washbju01,F,6-8,210
washida01,G,6-2,195
washidu01,G,6-4,195
washidu02,G,6-3,210
washier01,G,6-4,190
washipj01,F,6-7,230
washity02,G,6-3,197
watanyu01,F,6-9,215
waterli01,G,6-6,215
watertr01,G,5-10,175
watfotr01,F,6-9,240
watkida01,C,6-11,258
watsocj01,G,6-2,175
watsoea01,G,6-1,195
watsoja01,F,6-7,190
watsopa01,G,6-6,210
watsope01,G-F,6-8,200
waynsma01,G,6-2,200
wearda01,F,6-10,230
weartr01,F,6-10,230
weathcl01,F,6-6,240
weathqu01,G,6-3,205
weaveky01,G,6-6,201
webbja01,F,6-9,202
webbma01,F-C,6-9,255
webbsp01,G,5-6,133
webbech01,F-C,6-10,245
weberbr01,G,6-2,165
webstje01,F,6-8,232
webstma02,G-F,6-7,230
weemsso01,G-F,6-6,205
wellsbo01,G-F,6-5,210
wellsbu01,F,6-5,230
welscji01,G,6-7,208
welshth01,C,7-0,255
wembavi01,C-F,7-4,209
wennibi01,C,7-0,245
wenstma01,C,7-1,250
werdaro01,C,6-11,250
weslebl01,G,6-5,185
wesleda01,G,6-0,190
westda01,F-C,6-9,250
westde01,G,6-4,180
westdo01,G-F,6-6,200
westma02,G,6-5,210
westma01,C-F,6-10,230
westbru01,G,6-4,200
whalero01,C,6-10,260
whatlen01,G,6-3,177
wheatde01,G,6-0,165
wheelty01,G,5-10,165
whitean01,G,6-7,210
whiteco01,G,6-5,195
whitedj01,F,6-9,251
whitede01,G,6-4,190
whiteja03,F,6-7,225
whiteja01,F-C,6-9,290
whiteja02,G-F,6-7,200
whiteok01,F,6-8,205
whitera01,F,6-8,240
whitero02,F,6-9,238
whitero03,F,6-8,270
whiteis01,G,6-4,213
whitedo01,G,5-10,160
whiteha01,C,7-0,265
whitfdw01,F,6-9,240
whitmca01,F,6-7,232
whitnch01,G,6-0,168
whittgr01,F,6-8,210
whittsh01,F-C,6-11,250
wieskjo01,G,6-6,212
wiggiaa01,G,6-6,200
wiggian01,F-G,6-7,197
wiggimi01,G,6-4,185
wiggili01,G,6-2,189
wilcocj01,G,6-5,195
wilcoch01,F,6-10,221
wileyja01,F,6-7,215
wileymo01,G,6-4,185
wilkida02,F-G,6-6,225
wilkido01,F-G,6-8,215
wilkied01,F-C,6-10,220
wilkige01,G-F,6-6,185
wilksmi01,G,5-10,185
williaa01,F-C,6-9,220
willial03,F-C,6-8,265
willial06,G,6-4,210
willial02,G,6-5,185
willibr01,G,6-6,215
willibr03,G,6-2,190
willibu01,F-C,6-8,215
willicj01,G,6-5,226
willico01,G,6-2,190
willide01,G,6-3,200
willide02,F,6-8,240
willido02,F,6-6,190
williel01,G,6-5,190
willier01,F,6-8,220
willifr02,G,6-3,212
willigr01,F,6-6,236
willihe01,C-F,6-10,242
williho01,F-C,6-11,215
willija06,G,6-5,195
willija02,G,6-1,190
willija04,F,6-9,218
willija03,G,6-2,195
willija07,F,6-9,240
willija01,F-C,6-9,240
willije02,G,6-5,205
willije01,F,6-9,206
willijo02,F-C,6-8,235
willijo04,F,6-9,228
willijo03,F,6-10,260
williju01,F,6-10,225
willike03,F,6-9,205
willike04,G-F,6-6,210
willilo01,F-C,6-9,200
willilo02,G,6-2,175
willima11,C,6-11,250
willima03,G,6-3,205
willima04,F,6-7,205
willima07,C,7-0,241
willima02,F,6-8,237
willima05,G,6-5,210
willimi02,G,6-2,175
willima01,G,6-1,198
willimo01,F,6-8,225
willipa01,F,6-7,215
willire01,F-G,6-7,190
willire02,F,6-6,205
williro04,C-F,6-9,237
willisc01,F-C,6-10,230
willise01,C-F,6-10,235
willish01,G,6-1,201
willish03,F,6-9,225
willish02,F,6-9,250
willite01,F,6-6,220
willitr01,F,6-6,215
willitr02,F,6-7,218
willivi01,F,6-4,205
williwa02,F-G,6-8,219
willizi02,F,6-9,215
willini01,G,6-2,190
willico02,F,6-7,245
willizi01,F-C,6-6,284
willike02,F-C,7-0,220
willode01,G-F,6-3,180
wilsodj01,F,6-10,231
wilsoja03,F,6-8,225
wilsoja02,F,6-7,230
wilsotr01,F,6-7,210
wiltjky01,F,6-10,240
winchke01,G-F,6-5,210
windldy01,G-F,6-6,196
wingada01,G-F,6-5,185
wingfdo01,F,6-8,256
winslju01,F,6-6,222
winstca01,G,6-1,185
wintetr01,C,7-0,275
wisemja01,C,7-0,240
witheje01,C,7-0,231
wittmra01,G-F,6-6,210
wolfjo01,F-C,6-11,230
wolkoru01,F,6-10,270
woltena01,G,6-4,190
wongis01,G,6-4,184
woodch01,F,6-8,214
woodda01,F,6-9,227
woodaro01,F,6-6,235
woodslo01,F-C,7-1,245
woodsqy01,F,6-8,221
woodsra01,G,5-10,185
woolror01,F,6-9,215
workmha01,G,6-2,180
artesro01,F,6-7,260
worthja01,F,6-9,225
wrighan01,G-F,6-7,210
wrighbr02,G,6-3,210
wrighbr03,F-C,6-10,210
wrighch01,F,6-8,226
wrighch02,G,6-1,210
wrighde01,G,6-5,185
wrighdo01,F-G,6-9,205
wrighho02,F,6-8,220
wrighju01,F,6-8,225
wrighlo02,F-C,6-11,225
wrighlu01,C,7-2,270
wrighmc01,G,6-0,196
wrighmo01,F,6-9,233
wrighsh01,F-C,6-11,260
wrighju02,G,6-0,190
wroteto01,G,6-6,205
yabusgu01,F,6-8,260
yarbrvi01,G-F,6-7,210
yorkga01,G,6-3,185
youngda01,G,6-3,175
youngja01,G-F,6-6,215
youngjo01,G,6-2,180
youngko01,F,6-7,213
youngmi01,F-G,6-7,220
youngni01,G-F,6-7,210
youngsa01,F,6-6,220
youngth01,F,6-8,235
youngti01,C,7-0,220
youngtr01,G,6-1,164
yuesu01,G,6-9,205
yurtsom01,C,7-0,264
zelleco01,C-F,6-11,240
zellelu01,C,6-11,245
zellety01,F-C,7-0,253
zhizhwa01,C,7-0,255
zidekge01,C,7-0,250
zimmede01,G,6-3,195
zimmest01,C,7-0,240
zipsepa01,G-F,6-8,215
zizican01,F-C,6-10,266
zubaciv01,C,7-0,240